Invoice ID,Manufacturer ID,Drug ID,Order Date,Invoice Date,Due Date,Amount,Status
1,79926,491,2023-03-04,2023-04-21,2023-10-18,3417.14,Unpaid
2,74102,694,2023-04-08,2023-04-08,2023-03-02,8199.05,Overdue
3,26642,979,2023-10-04,2023-05-06,2023-05-01,2331.94,Unpaid
4,8529,717,2023-02-02,2023-09-02,2023-02-19,936.7,Paid
5,94474,254,2023-02-15,2023-06-27,2023-08-11,5408.42,Overdue
6,74455,864,2023-03-27,2023-12-09,2023-10-09,8193.78,Paid
7,2904,792,2023-05-18,2023-06-08,2023-12-14,2298.04,Paid
8,63600,321,2023-11-20,2023-10-27,2023-04-23,5724.91,Paid
9,66691,340,2023-09-18,2023-11-22,2023-05-10,8887.85,Paid
10,76087,389,2023-12-12,2023-06-24,2023-05-28,1156.85,Paid
11,82648,133,2023-02-08,2023-03-24,2023-02-02,7193.06,Paid
12,45317,465,2023-05-24,2023-04-17,2023-01-17,3843.39,Overdue
13,5272,271,2023-12-04,2023-06-12,2023-10-03,5521.62,Unpaid
14,27434,45,2023-12-19,2023-10-04,2023-11-17,6793.04,Paid
15,65939,656,2023-06-02,2023-03-24,2023-01-22,3463.93,Paid
16,56703,886,2023-12-16,2023-10-14,2023-03-10,4361.34,Unpaid
17,12129,478,2023-10-19,2023-03-21,2023-07-09,4704.2,Unpaid
18,66691,690,2023-03-13,2023-08-06,2023-02-21,1522.18,Paid
19,93293,435,2023-07-11,2023-02-02,2023-02-09,4191.84,Overdue
20,10119,661,2023-09-12,2023-06-25,2023-01-28,8311.03,Unpaid
21,30387,793,2023-11-26,2023-07-28,2023-12-02,8149.8,Paid
22,9311,524,2023-10-06,2023-05-04,2023-10-12,1740.32,Overdue
23,37185,53,2023-03-22,2023-12-24,2023-07-19,3955.59,Unpaid
24,18996,404,2023-06-20,2023-03-02,2023-02-03,6883.78,Paid
25,46349,249,2023-04-09,2023-04-26,2023-12-28,4163.28,Overdue
26,62011,592,2023-05-23,2023-06-19,2023-11-25,7795.69,Overdue
27,60648,145,2023-09-21,2023-06-28,2023-01-23,9932.29,Unpaid
28,3047,785,2023-04-11,2023-11-14,2023-06-23,7752.59,Unpaid
29,96599,443,2023-01-28,2023-05-13,2023-11-25,9584.11,Unpaid
30,76087,135,2023-06-07,2023-04-12,2023-08-11,7253.33,Paid
31,21002,708,2023-06-21,2023-05-26,2023-06-13,2260.98,Unpaid
32,60648,931,2023-10-10,2023-07-16,2023-07-05,3145.46,Overdue
33,45278,908,2023-07-19,2023-08-07,2023-02-08,6910.57,Paid
34,37185,418,2023-10-15,2023-11-22,2023-09-11,9855.49,Unpaid
35,75135,803,2023-03-22,2023-12-05,2023-09-16,2034.41,Overdue
36,65211,657,2023-10-25,2023-05-08,2023-12-06,4607.06,Overdue
37,64205,348,2023-09-10,2023-11-24,2023-06-25,5371.72,Paid
38,61156,439,2023-03-03,2023-02-01,2023-01-27,3378.36,Unpaid
39,56703,47,2023-02-19,2023-03-14,2023-04-11,4282.52,Unpaid
40,80110,411,2023-03-25,2023-05-20,2023-09-17,6483.1,Paid
41,93293,435,2023-12-07,2023-02-06,2023-06-13,4737.84,Overdue
42,36078,797,2023-05-23,2023-04-25,2023-05-01,1828.19,Paid
43,64205,348,2023-05-15,2023-11-22,2023-03-21,9405.77,Overdue
44,38482,779,2023-12-24,2023-12-05,2023-08-12,8571.53,Overdue
45,34138,65,2023-10-21,2023-02-06,2023-03-08,4500.57,Paid
46,66691,848,2023-12-18,2023-12-07,2023-06-08,5785.81,Overdue
47,11733,392,2023-06-16,2023-09-17,2023-09-09,5850.78,Paid
48,80110,163,2023-01-25,2023-10-18,2023-03-06,7202.66,Paid
49,55113,35,2023-02-01,2023-01-06,2023-02-02,3849.85,Overdue
50,97539,211,2023-09-06,2023-12-08,2023-08-21,2775.87,Overdue
51,68421,573,2023-07-07,2023-10-25,2023-02-04,9342.86,Paid
52,37971,601,2023-11-04,2023-03-03,2023-11-08,8223.96,Paid
53,60648,949,2023-07-15,2023-08-16,2023-05-27,7725.78,Paid
54,5792,617,2023-06-13,2023-09-28,2023-07-05,9445.51,Unpaid
55,59673,832,2023-05-15,2023-05-12,2023-09-06,3100.28,Unpaid
56,68485,816,2023-03-16,2023-04-22,2023-09-23,3350.37,Unpaid
57,41625,346,2023-08-11,2023-10-27,2023-09-13,3921.05,Unpaid
58,37971,601,2023-07-09,2023-11-10,2023-04-02,4618.06,Overdue
59,37185,53,2023-07-06,2023-10-26,2023-03-22,5682.69,Overdue
60,93293,240,2023-02-26,2023-12-18,2023-01-23,2151.92,Overdue
61,41625,594,2023-04-28,2023-08-11,2023-07-15,2631.78,Unpaid
62,83265,368,2023-12-22,2023-10-18,2023-01-19,5743.98,Paid
63,68421,664,2023-06-07,2023-01-26,2023-06-26,2964.36,Paid
64,55113,77,2023-06-19,2023-08-27,2023-07-21,3640.59,Unpaid
65,80110,273,2023-11-06,2023-02-23,2023-04-24,1073.65,Overdue
66,30023,146,2023-05-15,2023-09-03,2023-04-14,2674.46,Unpaid
67,29271,275,2023-07-18,2023-10-24,2023-06-15,9988.85,Paid
68,25221,929,2023-02-23,2023-05-28,2023-04-14,1055.12,Overdue
69,68485,978,2023-08-27,2023-04-26,2023-07-28,2767.93,Unpaid
70,45317,220,2023-06-06,2023-03-11,2023-01-05,1418.19,Paid
71,8529,717,2023-06-28,2023-05-19,2023-03-22,5615.63,Unpaid
72,26642,979,2023-08-15,2023-11-28,2023-12-18,3751.27,Overdue
73,71478,692,2023-04-18,2023-12-15,2023-08-05,1203.73,Paid
74,89994,608,2023-05-02,2023-10-23,2023-09-15,2312.93,Unpaid
75,61820,115,2023-10-12,2023-08-06,2023-04-22,7803.89,Paid
76,60648,199,2023-05-06,2023-02-24,2023-10-14,877.12,Unpaid
77,81768,159,2023-11-13,2023-02-22,2023-05-23,7513.65,Paid
78,47322,160,2023-07-14,2023-11-20,2023-03-28,9183.93,Unpaid
79,55113,35,2023-10-22,2023-12-17,2023-08-21,2098.89,Paid
80,25221,62,2023-01-12,2023-03-01,2023-07-13,4756.39,Overdue
81,36078,468,2023-01-17,2023-07-25,2023-08-27,9069.33,Unpaid
82,466,414,2023-04-17,2023-05-02,2023-02-23,9365.36,Paid
83,89994,584,2023-04-14,2023-12-27,2023-04-05,1532.81,Overdue
84,8856,509,2023-03-22,2023-11-02,2023-03-16,4934.59,Paid
85,73241,870,2023-02-27,2023-05-06,2023-11-23,9826.96,Unpaid
86,56703,676,2023-12-16,2023-07-04,2023-01-03,4169.01,Unpaid
87,45317,615,2023-06-08,2023-11-03,2023-11-24,6453.48,Unpaid
88,8804,55,2023-02-27,2023-08-24,2023-12-26,9257.48,Unpaid
89,8529,308,2023-10-22,2023-02-24,2023-09-16,9692.88,Paid
90,11733,688,2023-04-25,2023-09-22,2023-10-11,9196.67,Unpaid
91,60527,710,2023-08-27,2023-01-05,2023-04-17,647.4,Unpaid
92,61258,653,2023-08-04,2023-08-16,2023-07-22,7316.53,Overdue
93,14590,914,2023-09-26,2023-12-05,2023-07-24,3541.78,Unpaid
94,29271,275,2023-11-22,2023-02-14,2023-03-08,5965.13,Paid
95,60527,947,2023-11-02,2023-08-13,2023-11-19,3085.16,Unpaid
96,77274,177,2023-02-03,2023-03-12,2023-02-02,4335.1,Paid
97,39118,547,2023-02-11,2023-07-09,2023-09-09,2846.07,Overdue
98,6723,284,2023-05-04,2023-04-25,2023-07-13,9016.46,Overdue
99,8529,121,2023-11-09,2023-08-02,2023-08-06,9884.85,Paid
100,17629,213,2023-12-08,2023-04-07,2023-12-19,1173.2,Overdue
101,62011,542,2023-02-19,2023-05-08,2023-04-28,8499.62,Overdue
102,36078,722,2023-12-04,2023-12-07,2023-06-01,3575.97,Overdue
103,81768,525,2023-12-09,2023-09-10,2023-12-04,2995.98,Paid
104,69844,572,2023-09-11,2023-11-17,2023-12-13,4072.39,Overdue
105,71478,204,2023-08-19,2023-08-07,2023-08-15,8015.26,Overdue
106,69844,572,2023-05-01,2023-11-07,2023-09-08,7693.44,Unpaid
107,69192,738,2023-07-18,2023-08-05,2023-11-25,5920.98,Overdue
108,26642,200,2023-05-23,2023-09-11,2023-04-20,4105.14,Overdue
109,6746,291,2023-02-21,2023-11-04,2023-05-24,7496.4,Overdue
110,3047,925,2023-03-28,2023-01-23,2023-02-21,607.52,Unpaid
111,60648,83,2023-11-12,2023-10-08,2023-07-11,8789.44,Overdue
112,55113,77,2023-09-07,2023-11-09,2023-08-14,867.53,Overdue
113,46349,156,2023-04-25,2023-07-03,2023-01-14,3315.32,Overdue
114,73241,964,2023-11-19,2023-05-08,2023-08-25,2999.37,Unpaid
115,61258,129,2023-12-10,2023-06-22,2023-12-27,1763.71,Paid
116,92373,759,2023-10-23,2023-08-02,2023-06-27,3330.95,Paid
117,27434,45,2023-07-07,2023-04-16,2023-10-05,6594.59,Paid
118,59673,388,2023-06-17,2023-10-08,2023-10-05,3443.23,Overdue
119,68485,181,2023-08-10,2023-12-25,2023-08-14,1708.75,Unpaid
120,93226,539,2023-10-27,2023-08-08,2023-01-22,8145.14,Unpaid
121,62356,578,2023-12-19,2023-11-14,2023-11-20,2230.27,Paid
122,80110,222,2023-05-18,2023-08-22,2023-10-06,584.78,Unpaid
123,61188,546,2023-11-19,2023-11-17,2023-03-03,7371.13,Overdue
124,21002,80,2023-03-24,2023-07-09,2023-10-27,7489.52,Unpaid
125,37185,403,2023-12-11,2023-02-25,2023-09-14,9693.94,Overdue
126,52943,742,2023-02-25,2023-07-23,2023-04-01,9118.49,Paid
127,74455,504,2023-12-07,2023-09-13,2023-04-20,6258.61,Paid
128,93226,356,2023-06-16,2023-06-13,2023-02-09,8323.92,Unpaid
129,6723,466,2023-01-25,2023-04-02,2023-10-14,8897.43,Paid
130,26642,200,2023-11-15,2023-01-07,2023-12-15,9339.02,Unpaid
131,48157,647,2023-07-06,2023-01-05,2023-08-10,741.39,Unpaid
132,64205,305,2023-11-11,2023-07-23,2023-08-20,3139.64,Paid
133,66691,690,2023-12-08,2023-06-25,2023-02-11,9410.95,Unpaid
134,55113,672,2023-03-16,2023-05-11,2023-03-11,5456.81,Overdue
135,93293,450,2023-09-21,2023-11-12,2023-11-01,4102.11,Paid
136,466,124,2023-07-12,2023-10-26,2023-06-26,4522.13,Overdue
137,98315,852,2023-12-28,2023-06-06,2023-06-02,9648.39,Unpaid
138,60648,777,2023-08-20,2023-08-23,2023-11-01,8730.52,Unpaid
139,27434,724,2023-04-23,2023-01-13,2023-08-03,3696.4,Paid
140,34138,33,2023-08-19,2023-10-08,2023-01-19,2661.27,Overdue
141,94211,849,2023-09-06,2023-11-20,2023-09-12,3571.91,Overdue
142,60527,333,2023-07-11,2023-04-03,2023-11-17,8343.19,Overdue
143,80110,411,2023-09-16,2023-11-06,2023-09-13,8465.07,Paid
144,37971,50,2023-06-28,2023-01-03,2023-12-21,8955.15,Overdue
145,74898,513,2023-10-05,2023-09-16,2023-07-09,6427.68,Paid
146,55113,716,2023-01-19,2023-12-22,2023-10-25,8788.8,Unpaid
147,45278,217,2023-11-28,2023-01-20,2023-05-14,7340.93,Paid
148,98315,919,2023-03-10,2023-04-20,2023-07-20,4201.3,Unpaid
149,22821,673,2023-11-05,2023-09-17,2023-12-17,2943.36,Unpaid
150,34552,825,2023-02-24,2023-04-11,2023-03-10,1986.88,Overdue
151,11733,285,2023-04-19,2023-01-14,2023-04-08,1698.54,Overdue
152,74455,279,2023-05-04,2023-08-03,2023-12-28,9249.88,Unpaid
153,30387,1000,2023-09-13,2023-02-01,2023-09-06,6302.8,Paid
154,27434,45,2023-03-19,2023-11-20,2023-02-23,1346.99,Paid
155,74455,86,2023-01-20,2023-09-17,2023-10-16,3766.39,Overdue
156,77274,669,2023-06-14,2023-12-07,2023-02-16,7267.97,Paid
157,8804,847,2023-11-19,2023-04-10,2023-10-08,5349.77,Unpaid
158,22821,374,2023-05-07,2023-07-21,2023-07-14,5659.0,Overdue
159,96599,385,2023-05-07,2023-01-17,2023-01-07,1705.08,Paid
160,11112,948,2023-03-03,2023-02-06,2023-12-28,1077.16,Overdue
161,36078,772,2023-04-09,2023-01-15,2023-02-23,9189.61,Overdue
162,98315,852,2023-04-20,2023-12-10,2023-08-14,9376.34,Paid
163,29271,559,2023-08-02,2023-05-09,2023-09-09,5563.18,Overdue
164,34552,410,2023-07-22,2023-02-04,2023-02-27,9790.1,Paid
165,95191,14,2023-01-12,2023-01-12,2023-01-08,9529.2,Overdue
166,5792,568,2023-03-21,2023-04-14,2023-04-02,6943.5,Unpaid
167,34552,625,2023-03-24,2023-08-10,2023-10-03,2335.3,Paid
168,53562,31,2023-02-26,2023-06-15,2023-10-23,4281.73,Paid
169,33270,671,2023-02-15,2023-05-10,2023-10-02,3950.88,Paid
170,74898,918,2023-09-06,2023-05-01,2023-12-10,798.48,Overdue
171,48323,712,2023-07-26,2023-09-08,2023-10-19,5134.62,Paid
172,64205,278,2023-04-27,2023-03-01,2023-10-09,5262.6,Paid
173,88863,767,2023-01-16,2023-07-10,2023-06-17,6649.91,Unpaid
174,63600,347,2023-07-24,2023-01-23,2023-04-07,8838.84,Unpaid
175,56703,886,2023-09-27,2023-05-19,2023-02-01,2351.37,Overdue
176,61156,131,2023-11-10,2023-01-26,2023-03-11,1336.58,Unpaid
177,71478,409,2023-01-25,2023-02-04,2023-11-28,7827.49,Paid
178,17629,470,2023-02-26,2023-10-14,2023-12-13,7979.84,Unpaid
179,59673,569,2023-03-15,2023-04-11,2023-06-04,6835.22,Unpaid
180,71478,231,2023-02-12,2023-12-25,2023-04-16,5230.61,Overdue
181,61188,453,2023-09-02,2023-06-02,2023-05-08,8084.59,Overdue
182,5792,951,2023-02-07,2023-05-21,2023-10-04,9331.09,Unpaid
183,25221,889,2023-12-20,2023-12-18,2023-11-13,9936.18,Paid
184,71478,920,2023-09-07,2023-09-19,2023-09-28,8946.65,Overdue
185,76087,173,2023-03-24,2023-05-12,2023-11-28,4360.27,Paid
186,60527,564,2023-08-01,2023-08-20,2023-01-19,4031.94,Unpaid
187,48415,138,2023-08-07,2023-12-27,2023-07-11,904.38,Paid
188,60875,44,2023-07-15,2023-10-22,2023-01-03,1746.7,Paid
189,9311,635,2023-07-25,2023-06-14,2023-04-09,4849.5,Overdue
190,74102,244,2023-07-27,2023-08-03,2023-08-21,3014.96,Paid
191,55113,735,2023-01-28,2023-05-06,2023-09-18,2767.83,Unpaid
192,61258,810,2023-05-10,2023-02-18,2023-01-20,8324.72,Paid
193,75135,82,2023-09-27,2023-02-08,2023-11-22,2778.14,Overdue
194,94211,339,2023-09-20,2023-02-01,2023-06-05,7251.98,Paid
195,87760,455,2023-02-11,2023-06-22,2023-07-13,7508.92,Unpaid
196,74102,660,2023-09-06,2023-07-12,2023-07-05,1475.36,Unpaid
197,45278,887,2023-08-15,2023-05-03,2023-11-16,7577.02,Overdue
198,34138,674,2023-03-09,2023-09-08,2023-05-23,996.26,Paid
199,6746,751,2023-07-20,2023-09-08,2023-10-16,7326.78,Overdue
200,85379,260,2023-10-11,2023-06-21,2023-03-24,9684.72,Overdue
201,11733,787,2023-07-06,2023-06-23,2023-02-15,3453.73,Unpaid
202,62011,395,2023-06-16,2023-07-13,2023-02-28,1358.25,Overdue
203,33270,533,2023-05-05,2023-05-23,2023-04-20,9701.86,Paid
204,94474,952,2023-01-14,2023-07-22,2023-11-17,1019.83,Paid
205,61258,247,2023-09-16,2023-10-25,2023-01-19,7911.65,Paid
206,66691,881,2023-05-18,2023-02-17,2023-09-06,833.86,Unpaid
207,52943,165,2023-03-17,2023-03-10,2023-12-24,924.52,Paid
208,68485,900,2023-08-25,2023-03-12,2023-12-01,5902.51,Overdue
209,21002,80,2023-12-19,2023-05-15,2023-03-21,8380.73,Paid
210,61156,877,2023-08-18,2023-11-18,2023-06-22,7745.27,Unpaid
211,1116,644,2023-11-09,2023-05-22,2023-08-13,5022.43,Overdue
212,82648,183,2023-01-19,2023-07-22,2023-05-21,8552.59,Paid
213,52943,754,2023-01-20,2023-09-05,2023-06-21,4281.68,Unpaid
214,10119,280,2023-08-22,2023-09-10,2023-04-07,2421.41,Unpaid
215,85379,609,2023-02-01,2023-04-24,2023-03-23,3743.61,Overdue
216,25221,26,2023-08-24,2023-03-06,2023-11-14,5200.76,Unpaid
217,9948,703,2023-03-09,2023-05-07,2023-10-18,5305.2,Unpaid
218,89994,608,2023-02-14,2023-06-25,2023-09-10,7914.32,Overdue
219,68421,95,2023-12-28,2023-11-03,2023-07-12,4802.45,Unpaid
220,45317,561,2023-03-11,2023-08-11,2023-03-19,1717.55,Paid
221,9948,236,2023-10-06,2023-02-22,2023-11-14,6664.94,Paid
222,96599,602,2023-02-14,2023-10-23,2023-03-03,3316.4,Paid
223,92373,968,2023-01-20,2023-03-01,2023-12-05,6227.8,Unpaid
224,29271,733,2023-07-18,2023-05-15,2023-08-03,7132.65,Unpaid
225,48157,838,2023-07-09,2023-02-01,2023-07-03,5728.38,Paid
226,6723,955,2023-06-24,2023-04-11,2023-06-03,6332.43,Paid
227,85379,639,2023-12-20,2023-10-23,2023-11-24,9298.14,Paid
228,74102,536,2023-10-07,2023-09-20,2023-01-15,7495.94,Overdue
229,39118,97,2023-03-11,2023-08-10,2023-04-03,3999.48,Unpaid
230,83265,826,2023-07-10,2023-07-21,2023-11-14,1900.54,Overdue
231,89994,584,2023-08-05,2023-01-24,2023-12-05,4111.83,Unpaid
232,69844,762,2023-06-22,2023-07-16,2023-01-27,1304.07,Paid
233,63600,235,2023-02-27,2023-11-02,2023-04-08,6296.72,Unpaid
234,24529,763,2023-12-18,2023-05-07,2023-02-19,3426.44,Unpaid
235,65939,452,2023-01-03,2023-02-25,2023-04-28,4126.14,Overdue
236,37971,800,2023-12-20,2023-09-17,2023-10-22,3879.11,Unpaid
237,9948,422,2023-10-10,2023-02-07,2023-10-23,2027.62,Overdue
238,98315,612,2023-02-12,2023-03-08,2023-08-15,2883.74,Overdue
239,25342,698,2023-09-12,2023-03-18,2023-07-13,2778.31,Paid
240,18996,338,2023-02-11,2023-11-14,2023-06-06,5879.68,Unpaid
241,74455,980,2023-06-27,2023-11-03,2023-04-26,1623.48,Paid
242,62011,730,2023-02-19,2023-04-17,2023-05-17,2205.36,Paid
243,33270,839,2023-01-19,2023-05-26,2023-06-26,4336.36,Unpaid
244,36078,103,2023-06-19,2023-06-22,2023-04-09,6684.09,Paid
245,9311,567,2023-11-03,2023-11-09,2023-02-23,3032.41,Paid
246,62356,577,2023-06-15,2023-01-25,2023-02-20,1292.9,Paid
247,85379,260,2023-05-12,2023-04-01,2023-05-28,692.93,Paid
248,98315,612,2023-10-05,2023-08-15,2023-02-26,2780.48,Unpaid
249,33270,954,2023-07-16,2023-01-16,2023-10-10,9195.46,Paid
250,47322,383,2023-07-24,2023-11-17,2023-02-19,5099.39,Unpaid
251,12024,201,2023-10-11,2023-03-14,2023-11-04,4914.89,Unpaid
252,26642,540,2023-06-28,2023-03-22,2023-09-25,2511.15,Unpaid
253,83265,368,2023-01-15,2023-08-06,2023-10-21,4983.31,Overdue
254,61188,69,2023-12-02,2023-08-11,2023-05-21,1731.61,Overdue
255,94474,952,2023-01-06,2023-10-10,2023-02-27,9755.94,Unpaid
256,66691,437,2023-03-20,2023-12-06,2023-07-07,7097.47,Unpaid
257,8856,663,2023-04-24,2023-10-18,2023-04-23,2795.48,Overdue
258,21002,176,2023-05-20,2023-03-07,2023-08-09,5790.05,Unpaid
259,56703,856,2023-12-09,2023-04-20,2023-05-18,6287.16,Paid
260,97539,206,2023-09-19,2023-05-01,2023-06-08,3906.04,Paid
261,60648,199,2023-04-12,2023-01-10,2023-09-18,3104.79,Paid
262,93293,38,2023-09-24,2023-12-17,2023-04-18,4131.09,Unpaid
263,71478,310,2023-05-12,2023-04-17,2023-06-23,6535.51,Overdue
264,48157,486,2023-04-19,2023-07-22,2023-08-10,2885.04,Paid
265,25342,20,2023-06-07,2023-04-10,2023-01-12,3455.76,Paid
266,37185,371,2023-04-13,2023-07-08,2023-04-27,9890.71,Paid
267,61258,64,2023-12-14,2023-07-07,2023-08-14,4914.57,Unpaid
268,17629,957,2023-11-26,2023-09-05,2023-05-10,1185.48,Overdue
269,87760,455,2023-11-27,2023-12-01,2023-09-10,7610.75,Unpaid
270,68421,257,2023-10-02,2023-01-16,2023-03-05,7484.73,Overdue
271,12129,432,2023-01-10,2023-10-22,2023-01-14,5617.33,Paid
272,24529,867,2023-07-16,2023-03-21,2023-05-16,3430.56,Paid
273,60527,710,2023-07-19,2023-09-11,2023-12-15,9613.07,Unpaid
274,60648,630,2023-06-04,2023-11-12,2023-11-17,8163.54,Unpaid
275,5272,271,2023-09-21,2023-03-16,2023-10-02,4778.34,Overdue
276,81768,760,2023-01-14,2023-03-22,2023-01-04,741.4,Unpaid
277,53562,31,2023-11-12,2023-03-19,2023-08-10,9720.76,Paid
278,6746,751,2023-09-18,2023-07-12,2023-10-14,6740.43,Paid
279,25221,13,2023-10-06,2023-08-18,2023-10-06,7873.39,Paid
280,41625,923,2023-12-12,2023-01-19,2023-10-19,4451.79,Overdue
281,74455,504,2023-04-11,2023-02-12,2023-11-21,8238.74,Unpaid
282,1116,521,2023-05-25,2023-02-12,2023-04-28,9505.64,Unpaid
283,92373,528,2023-03-24,2023-02-08,2023-07-13,4645.23,Paid
284,89994,584,2023-08-19,2023-10-23,2023-12-17,2647.12,Overdue
285,88863,866,2023-12-26,2023-11-22,2023-12-03,7378.8,Unpaid
286,37971,556,2023-02-05,2023-08-09,2023-05-19,4371.86,Unpaid
287,37971,288,2023-09-26,2023-08-25,2023-01-26,1589.44,Paid
288,82648,60,2023-08-25,2023-03-22,2023-10-03,4427.89,Paid
289,60527,947,2023-12-16,2023-02-10,2023-05-12,9347.49,Paid
290,25221,62,2023-06-16,2023-09-11,2023-08-13,9652.99,Unpaid
291,63600,225,2023-05-22,2023-01-18,2023-01-03,7645.57,Unpaid
292,48415,215,2023-06-16,2023-11-28,2023-11-02,7886.7,Paid
293,65939,452,2023-06-02,2023-07-01,2023-04-22,3798.64,Overdue
294,6723,296,2023-04-14,2023-09-27,2023-04-11,4878.45,Paid
295,61188,237,2023-05-25,2023-04-22,2023-04-22,5527.29,Paid
296,92373,715,2023-01-02,2023-09-12,2023-01-12,9222.83,Paid
297,5272,891,2023-09-21,2023-10-02,2023-03-19,3610.89,Paid
298,11112,485,2023-06-15,2023-06-21,2023-11-09,9117.52,Overdue
299,38482,11,2023-12-10,2023-09-06,2023-11-25,3092.24,Unpaid
300,8804,682,2023-10-11,2023-04-01,2023-04-22,7769.61,Paid
301,36078,797,2023-05-15,2023-10-19,2023-05-22,1589.76,Paid
302,75135,946,2023-04-20,2023-08-08,2023-04-07,5950.66,Paid
303,96599,553,2023-05-25,2023-11-21,2023-09-08,4186.07,Paid
304,27434,907,2023-12-10,2023-11-13,2023-03-17,6574.68,Overdue
305,68421,641,2023-04-28,2023-12-07,2023-04-21,2080.47,Overdue
306,25221,13,2023-10-13,2023-12-11,2023-03-03,5504.89,Overdue
307,30023,750,2023-07-16,2023-10-06,2023-11-12,6626.57,Paid
308,48157,210,2023-12-18,2023-11-12,2023-05-06,2277.88,Paid
309,93226,139,2023-05-18,2023-09-28,2023-04-27,621.35,Unpaid
310,94211,27,2023-04-09,2023-10-13,2023-08-02,2228.32,Paid
311,8856,509,2023-07-19,2023-10-21,2023-11-03,4809.17,Unpaid
312,9948,637,2023-10-13,2023-08-09,2023-09-10,8873.33,Paid
313,61188,546,2023-05-21,2023-07-09,2023-10-07,7260.53,Paid
314,33270,533,2023-09-25,2023-04-13,2023-02-28,5861.07,Paid
315,66691,700,2023-03-17,2023-09-16,2023-12-17,9911.39,Unpaid
316,11733,688,2023-08-11,2023-07-28,2023-11-06,6320.5,Overdue
317,11112,485,2023-09-18,2023-02-26,2023-06-21,6753.33,Unpaid
318,25342,248,2023-02-27,2023-10-08,2023-11-19,7947.53,Paid
319,32168,363,2023-01-19,2023-02-19,2023-11-16,3220.95,Paid
320,8529,906,2023-07-11,2023-09-03,2023-05-09,3544.47,Overdue
321,64205,264,2023-10-13,2023-11-12,2023-02-01,5040.08,Paid
322,59673,569,2023-08-02,2023-09-14,2023-03-13,8422.62,Paid
323,6723,311,2023-11-11,2023-02-16,2023-08-17,619.27,Overdue
324,8856,232,2023-12-09,2023-03-24,2023-01-25,4915.0,Paid
325,39118,97,2023-04-20,2023-07-23,2023-05-06,5874.1,Paid
326,88863,820,2023-04-16,2023-10-18,2023-12-14,3343.32,Paid
327,30023,580,2023-07-08,2023-06-15,2023-08-21,3491.75,Paid
328,61820,709,2023-01-26,2023-01-17,2023-07-05,8305.59,Unpaid
329,63600,347,2023-10-25,2023-04-06,2023-05-24,9278.03,Paid
330,46349,554,2023-07-24,2023-11-10,2023-02-06,5021.5,Overdue
331,55113,965,2023-05-19,2023-04-14,2023-05-20,2213.71,Unpaid
332,69844,771,2023-08-15,2023-09-23,2023-09-15,1239.75,Overdue
333,55113,735,2023-07-18,2023-06-18,2023-03-11,7095.05,Paid
334,21002,294,2023-11-28,2023-04-07,2023-08-18,3375.39,Paid
335,75135,803,2023-01-24,2023-11-10,2023-04-15,8572.29,Paid
336,61820,481,2023-11-21,2023-01-03,2023-09-16,2820.28,Unpaid
337,6746,179,2023-04-22,2023-06-05,2023-11-09,5088.05,Overdue
338,61156,681,2023-11-25,2023-04-24,2023-11-28,9911.58,Overdue
339,80110,223,2023-08-17,2023-05-24,2023-01-25,1296.79,Unpaid
340,10119,675,2023-08-08,2023-07-23,2023-01-24,5649.05,Unpaid
341,56703,47,2023-02-10,2023-09-08,2023-01-07,4516.13,Paid
342,1116,519,2023-02-06,2023-06-09,2023-09-19,8116.0,Paid
343,65211,431,2023-08-02,2023-12-14,2023-12-27,7939.14,Overdue
344,36078,772,2023-12-20,2023-09-22,2023-04-11,8851.3,Unpaid
345,97539,206,2023-07-22,2023-05-14,2023-08-20,9193.68,Overdue
346,53562,944,2023-04-13,2023-04-01,2023-10-03,743.66,Overdue
347,48157,486,2023-11-01,2023-01-01,2023-03-01,7712.14,Unpaid
348,1116,375,2023-04-17,2023-07-25,2023-07-07,4241.87,Overdue
349,93293,38,2023-03-25,2023-06-09,2023-10-05,9340.94,Paid
350,64205,264,2023-09-07,2023-08-20,2023-01-12,7442.0,Unpaid
351,61156,131,2023-04-22,2023-08-26,2023-06-13,7449.65,Overdue
352,45317,561,2023-11-23,2023-05-20,2023-09-19,7976.05,Overdue
353,30387,147,2023-02-23,2023-06-15,2023-05-27,2829.2,Paid
354,94474,254,2023-07-27,2023-06-13,2023-05-27,1004.18,Overdue
355,26642,518,2023-10-06,2023-01-09,2023-07-09,2393.73,Paid
356,64205,305,2023-02-27,2023-10-02,2023-08-15,4823.12,Paid
357,88863,866,2023-04-12,2023-08-16,2023-11-05,2739.33,Unpaid
358,24529,125,2023-12-12,2023-08-13,2023-06-04,5438.17,Unpaid
359,79926,491,2023-06-06,2023-04-20,2023-11-05,7027.16,Overdue
360,38482,645,2023-12-06,2023-08-09,2023-11-10,5359.0,Paid
361,4982,52,2023-04-04,2023-12-27,2023-06-10,1597.51,Paid
362,55113,672,2023-09-25,2023-04-27,2023-10-16,2480.48,Paid
363,36078,835,2023-11-25,2023-06-09,2023-02-11,5563.77,Unpaid
364,73241,879,2023-08-12,2023-09-07,2023-06-22,5261.4,Unpaid
365,93293,397,2023-09-07,2023-04-11,2023-05-26,9943.29,Paid
366,466,124,2023-03-28,2023-09-15,2023-11-19,9478.9,Overdue
367,61820,429,2023-12-01,2023-10-12,2023-12-07,2811.61,Unpaid
368,8804,496,2023-02-07,2023-03-16,2023-01-12,6545.15,Overdue
369,68485,900,2023-08-15,2023-04-28,2023-01-11,6834.61,Unpaid
370,21002,54,2023-11-01,2023-08-07,2023-04-26,9527.09,Overdue
371,53562,944,2023-12-15,2023-07-11,2023-02-04,3986.29,Unpaid
372,85379,362,2023-06-13,2023-02-12,2023-09-13,2902.61,Overdue
373,18996,969,2023-06-19,2023-08-09,2023-02-15,5852.44,Paid
374,61820,693,2023-03-21,2023-06-07,2023-06-02,4284.77,Paid
375,61156,131,2023-12-10,2023-07-19,2023-09-19,2803.12,Unpaid
376,2904,174,2023-01-18,2023-11-05,2023-03-17,4700.25,Paid
377,98315,627,2023-01-08,2023-02-21,2023-02-14,5646.51,Paid
378,82648,112,2023-04-13,2023-07-08,2023-10-17,2207.49,Paid
379,97539,361,2023-09-03,2023-02-04,2023-06-10,8835.68,Paid
380,12024,203,2023-07-11,2023-12-12,2023-09-24,3726.91,Unpaid
381,47322,383,2023-12-22,2023-12-17,2023-02-14,1775.82,Unpaid
382,74102,660,2023-11-25,2023-06-12,2023-05-18,3298.88,Paid
383,61820,709,2023-11-22,2023-06-27,2023-08-25,1843.35,Unpaid
384,53562,167,2023-02-28,2023-02-07,2023-02-10,1379.35,Overdue
385,25342,698,2023-11-22,2023-02-22,2023-01-01,9857.01,Unpaid
386,77274,669,2023-03-24,2023-02-13,2023-05-04,6652.97,Paid
387,69844,538,2023-04-23,2023-01-24,2023-12-14,8069.76,Overdue
388,74455,937,2023-04-21,2023-04-14,2023-10-15,4950.74,Paid
389,81768,159,2023-02-11,2023-03-24,2023-02-14,4672.71,Unpaid
390,95191,823,2023-10-17,2023-02-26,2023-06-10,6028.02,Overdue
391,75135,324,2023-08-13,2023-06-24,2023-11-05,5701.83,Unpaid
392,24529,763,2023-11-17,2023-07-25,2023-03-18,7839.2,Unpaid
393,60527,718,2023-12-20,2023-01-06,2023-08-01,1925.46,Paid
394,74455,963,2023-02-02,2023-07-15,2023-02-12,3609.53,Overdue
395,25342,22,2023-04-10,2023-10-25,2023-09-22,9404.18,Overdue
396,65211,657,2023-01-02,2023-05-25,2023-02-06,9376.19,Paid
397,9948,407,2023-06-27,2023-07-11,2023-08-19,8115.21,Paid
398,19701,719,2023-09-03,2023-05-10,2023-05-18,2678.25,Paid
399,73241,687,2023-01-06,2023-04-02,2023-04-06,1288.75,Unpaid
400,24529,649,2023-02-08,2023-04-04,2023-02-11,3042.22,Unpaid
401,30387,464,2023-06-23,2023-03-15,2023-02-26,9856.09,Unpaid
402,52943,258,2023-01-03,2023-07-08,2023-12-13,2762.98,Unpaid
403,39118,495,2023-02-02,2023-09-28,2023-03-15,5180.68,Paid
404,11733,876,2023-04-07,2023-03-09,2023-12-03,9141.16,Unpaid
405,48323,376,2023-08-18,2023-10-18,2023-03-08,4178.79,Unpaid
406,97539,727,2023-10-25,2023-03-26,2023-03-06,8472.57,Paid
407,48157,838,2023-12-14,2023-04-28,2023-03-23,5665.27,Unpaid
408,83265,826,2023-01-16,2023-05-26,2023-12-21,4738.0,Unpaid
409,38482,106,2023-09-05,2023-05-03,2023-02-27,3540.9,Paid
410,63600,347,2023-12-27,2023-03-08,2023-12-06,6769.2,Paid
411,85379,639,2023-01-25,2023-05-01,2023-12-25,7988.48,Unpaid
412,45278,586,2023-02-15,2023-06-18,2023-08-15,5422.78,Unpaid
413,466,74,2023-02-05,2023-08-17,2023-11-14,8506.73,Paid
414,38482,645,2023-04-28,2023-07-22,2023-08-08,5597.23,Paid
415,61156,619,2023-05-11,2023-04-16,2023-12-28,3019.5,Unpaid
416,3047,953,2023-06-05,2023-10-25,2023-03-09,8751.26,Overdue
417,93293,526,2023-02-23,2023-12-17,2023-06-11,7011.52,Overdue
418,93226,632,2023-08-07,2023-09-27,2023-08-02,4505.58,Unpaid
419,25342,461,2023-11-13,2023-08-13,2023-09-27,4407.23,Paid
420,61188,780,2023-04-07,2023-10-24,2023-01-02,1723.68,Paid
421,29271,583,2023-02-15,2023-03-19,2023-02-07,703.42,Overdue
422,63600,585,2023-02-08,2023-12-13,2023-07-25,7599.95,Paid
423,93293,336,2023-12-06,2023-02-21,2023-02-24,6013.56,Overdue
424,55113,965,2023-02-03,2023-08-02,2023-08-02,539.14,Unpaid
425,53562,944,2023-05-18,2023-08-22,2023-12-27,762.63,Unpaid
426,60527,333,2023-05-26,2023-07-21,2023-10-14,4266.4,Paid
427,26642,200,2023-05-05,2023-04-21,2023-07-19,8181.63,Overdue
428,45317,615,2023-02-13,2023-05-25,2023-09-12,2256.55,Paid
429,68421,664,2023-11-01,2023-09-24,2023-03-11,3456.77,Overdue
430,89994,802,2023-02-24,2023-10-25,2023-12-06,8155.46,Overdue
431,92373,357,2023-05-27,2023-01-07,2023-05-05,6334.57,Unpaid
432,25342,107,2023-05-17,2023-05-19,2023-09-22,3187.97,Overdue
433,64205,961,2023-03-20,2023-08-12,2023-01-22,8922.31,Unpaid
434,46349,102,2023-12-11,2023-10-17,2023-12-17,2868.95,Overdue
435,25221,26,2023-10-11,2023-06-03,2023-09-28,9336.27,Overdue
436,9948,520,2023-09-08,2023-06-12,2023-06-08,7800.15,Overdue
437,73241,964,2023-08-16,2023-03-08,2023-10-28,6692.26,Paid
438,34138,65,2023-07-04,2023-11-26,2023-05-28,3837.9,Paid
439,48157,647,2023-11-21,2023-06-27,2023-12-18,7430.5,Overdue
440,61258,884,2023-08-17,2023-02-01,2023-01-22,7613.88,Unpaid
441,61156,877,2023-09-15,2023-12-28,2023-05-07,2649.63,Overdue
442,75135,82,2023-04-07,2023-03-17,2023-03-21,5905.29,Unpaid
443,68421,30,2023-12-13,2023-08-02,2023-12-09,5783.53,Overdue
444,45278,197,2023-12-03,2023-05-12,2023-03-11,6041.42,Paid
445,25342,604,2023-05-11,2023-03-10,2023-06-20,8146.66,Unpaid
446,94211,27,2023-12-11,2023-07-16,2023-05-17,1271.53,Unpaid
447,60648,614,2023-10-22,2023-09-14,2023-01-07,4228.01,Unpaid
448,22871,658,2023-09-11,2023-04-11,2023-07-10,3879.17,Unpaid
449,80110,411,2023-02-23,2023-11-10,2023-02-10,8469.14,Unpaid
450,62011,542,2023-06-07,2023-04-02,2023-08-25,3037.18,Overdue
451,75135,82,2023-08-14,2023-06-09,2023-07-20,1034.88,Paid
452,27434,724,2023-10-04,2023-08-15,2023-05-07,2322.42,Paid
453,60648,931,2023-01-10,2023-04-21,2023-09-14,4921.11,Overdue
454,8804,496,2023-06-02,2023-10-10,2023-10-25,5695.35,Overdue
455,24529,610,2023-03-15,2023-04-01,2023-08-26,9706.21,Paid
456,93226,78,2023-11-12,2023-05-23,2023-02-04,3184.94,Unpaid
457,89994,39,2023-03-07,2023-05-05,2023-04-24,4500.11,Unpaid
458,52943,742,2023-03-11,2023-09-08,2023-05-27,1676.5,Overdue
459,60648,83,2023-01-14,2023-04-08,2023-09-15,5445.34,Overdue
460,97539,892,2023-01-03,2023-05-15,2023-04-19,514.61,Paid
461,63600,289,2023-01-11,2023-03-21,2023-06-21,5571.44,Overdue
462,48323,998,2023-07-16,2023-08-25,2023-09-28,1183.3,Paid
463,77274,669,2023-06-20,2023-01-28,2023-12-20,4803.76,Unpaid
464,45278,689,2023-12-05,2023-02-07,2023-06-10,5587.96,Unpaid
465,34552,621,2023-07-06,2023-05-11,2023-03-13,9777.78,Overdue
466,36078,648,2023-01-13,2023-04-13,2023-05-11,1305.46,Unpaid
467,34138,506,2023-03-19,2023-09-02,2023-06-21,1908.19,Paid
468,74898,99,2023-09-02,2023-05-22,2023-09-09,4303.96,Overdue
469,41625,393,2023-10-08,2023-03-13,2023-08-13,5806.94,Unpaid
470,65939,596,2023-06-16,2023-05-24,2023-06-05,3398.59,Unpaid
471,61820,115,2023-09-20,2023-07-23,2023-12-27,9233.67,Unpaid
472,79926,859,2023-12-16,2023-03-18,2023-09-26,5065.94,Unpaid
473,24529,610,2023-09-25,2023-12-07,2023-12-01,1800.05,Overdue
474,80110,1,2023-03-12,2023-05-21,2023-11-18,6827.98,Paid
475,46349,102,2023-08-08,2023-06-10,2023-02-28,5004.68,Overdue
476,8856,896,2023-02-09,2023-02-12,2023-01-17,7446.92,Overdue
477,80110,222,2023-06-17,2023-10-25,2023-05-18,5534.89,Unpaid
478,82648,855,2023-12-23,2023-03-01,2023-08-19,9327.43,Paid
479,12129,423,2023-01-16,2023-04-28,2023-03-02,4288.78,Unpaid
480,61188,909,2023-11-25,2023-10-06,2023-04-15,3309.93,Overdue
481,93226,78,2023-05-08,2023-01-16,2023-09-09,1793.47,Unpaid
482,74102,164,2023-08-08,2023-11-28,2023-02-05,1647.76,Overdue
483,10119,661,2023-08-22,2023-05-08,2023-12-17,6158.35,Paid
484,65939,452,2023-06-15,2023-04-13,2023-11-12,9298.13,Paid
485,19701,25,2023-09-12,2023-05-02,2023-08-11,6271.32,Overdue
486,94474,952,2023-11-02,2023-07-08,2023-02-20,5308.35,Overdue
487,95191,14,2023-01-15,2023-05-07,2023-05-12,4486.54,Overdue
488,12024,922,2023-07-08,2023-02-18,2023-04-11,8975.35,Unpaid
489,25221,13,2023-07-12,2023-03-03,2023-02-11,6150.1,Paid
490,62011,542,2023-03-20,2023-10-04,2023-05-17,9498.41,Unpaid
491,37971,705,2023-09-01,2023-09-25,2023-09-21,9896.51,Paid
492,27434,960,2023-08-12,2023-02-04,2023-02-27,9580.61,Overdue
493,61258,322,2023-04-24,2023-09-08,2023-07-16,9337.0,Paid
494,93226,433,2023-02-10,2023-11-08,2023-01-22,1242.29,Unpaid
495,26642,255,2023-11-15,2023-03-16,2023-02-22,766.6,Overdue
496,63600,585,2023-12-05,2023-10-23,2023-05-22,8964.0,Unpaid
497,96599,933,2023-11-08,2023-02-26,2023-11-17,6768.53,Paid
498,74102,576,2023-03-16,2023-06-23,2023-02-03,8146.59,Paid
499,60648,83,2023-01-20,2023-04-05,2023-12-06,7928.84,Overdue
500,37971,873,2023-01-12,2023-07-10,2023-11-12,5228.94,Overdue
501,24529,327,2023-09-13,2023-05-10,2023-04-07,7743.67,Paid
502,11733,787,2023-12-06,2023-03-12,2023-11-17,6568.47,Unpaid
503,22821,309,2023-09-26,2023-01-27,2023-10-14,5448.54,Unpaid
504,60527,406,2023-03-07,2023-03-17,2023-09-17,6489.63,Paid
505,47322,591,2023-09-19,2023-06-26,2023-12-13,2792.25,Overdue
506,52943,935,2023-01-15,2023-08-07,2023-02-03,9780.53,Unpaid
507,30023,476,2023-01-12,2023-07-17,2023-10-07,3100.86,Unpaid
508,36078,103,2023-02-26,2023-05-07,2023-04-08,9978.69,Overdue
509,95191,256,2023-01-20,2023-09-04,2023-09-01,3825.92,Paid
510,64205,758,2023-01-18,2023-03-17,2023-07-09,8027.4,Unpaid
511,24529,358,2023-04-18,2023-08-19,2023-06-12,9905.22,Overdue
512,64205,913,2023-09-23,2023-11-18,2023-11-05,4928.27,Overdue
513,10119,184,2023-05-12,2023-06-08,2023-12-17,9048.57,Unpaid
514,61820,981,2023-12-28,2023-11-01,2023-07-02,8351.15,Overdue
515,8529,178,2023-07-26,2023-04-06,2023-11-08,9297.04,Overdue
516,96599,412,2023-11-24,2023-10-06,2023-05-25,1834.69,Unpaid
517,94211,741,2023-05-13,2023-04-09,2023-09-14,2004.73,Unpaid
518,30023,490,2023-12-27,2023-10-11,2023-03-18,5788.28,Overdue
519,61258,454,2023-04-01,2023-05-23,2023-03-27,6550.54,Overdue
520,94211,857,2023-01-06,2023-05-08,2023-06-27,2049.7,Overdue
521,37971,50,2023-10-02,2023-08-10,2023-06-16,2470.67,Paid
522,61820,481,2023-01-16,2023-03-09,2023-11-18,1057.66,Overdue
523,18996,679,2023-08-19,2023-11-17,2023-09-05,9316.88,Overdue
524,45317,561,2023-08-15,2023-01-19,2023-01-15,5912.68,Unpaid
525,61156,681,2023-03-20,2023-02-14,2023-05-07,9464.48,Overdue
526,60875,297,2023-12-03,2023-08-28,2023-08-28,6248.38,Unpaid
527,24529,327,2023-01-04,2023-08-12,2023-06-20,583.82,Paid
528,61820,429,2023-12-10,2023-04-24,2023-04-09,5447.97,Overdue
529,19701,677,2023-05-14,2023-03-21,2023-05-18,5814.37,Paid
530,93293,400,2023-10-21,2023-10-14,2023-05-10,5747.12,Overdue
531,25342,691,2023-05-07,2023-02-03,2023-12-24,3680.23,Unpaid
532,27434,765,2023-04-26,2023-02-06,2023-06-01,6466.36,Overdue
533,68421,95,2023-03-20,2023-03-20,2023-04-17,6162.75,Unpaid
534,3047,953,2023-12-06,2023-11-24,2023-05-28,3738.69,Unpaid
535,62011,239,2023-09-26,2023-09-05,2023-06-11,6407.5,Unpaid
536,94474,458,2023-12-21,2023-10-14,2023-01-17,4453.89,Paid
537,64205,305,2023-05-24,2023-01-11,2023-05-22,6125.69,Overdue
538,11733,148,2023-03-14,2023-07-24,2023-08-26,2403.03,Unpaid
539,68421,550,2023-12-13,2023-06-22,2023-04-18,589.31,Paid
540,69844,943,2023-12-20,2023-07-13,2023-03-28,2584.19,Unpaid
541,22871,253,2023-05-13,2023-11-12,2023-10-12,1501.22,Paid
542,48157,191,2023-04-18,2023-06-25,2023-08-07,3483.96,Unpaid
543,21002,176,2023-06-04,2023-10-07,2023-02-10,8582.72,Overdue
544,80110,372,2023-01-06,2023-06-10,2023-01-12,6971.04,Overdue
545,34552,508,2023-03-02,2023-02-26,2023-05-14,7556.89,Unpaid
546,45317,214,2023-10-06,2023-04-14,2023-08-05,7121.74,Paid
547,65211,714,2023-03-10,2023-12-04,2023-12-04,3804.55,Overdue
548,47322,591,2023-12-14,2023-01-27,2023-07-11,3756.57,Paid
549,48323,712,2023-02-03,2023-11-23,2023-07-04,866.76,Paid
550,32168,878,2023-07-04,2023-08-02,2023-02-26,6775.43,Unpaid
551,30387,589,2023-10-05,2023-11-02,2023-07-22,3744.9,Overdue
552,97539,833,2023-10-09,2023-06-03,2023-04-22,550.38,Paid
553,24529,358,2023-01-02,2023-04-10,2023-09-12,5208.56,Unpaid
554,56703,987,2023-09-15,2023-02-26,2023-01-24,4457.39,Unpaid
555,53562,118,2023-02-08,2023-11-21,2023-05-01,4211.16,Unpaid
556,30023,146,2023-05-18,2023-11-15,2023-06-06,4251.11,Unpaid
557,11733,492,2023-08-22,2023-04-08,2023-03-26,5197.7,Unpaid
558,21002,294,2023-09-23,2023-10-02,2023-11-12,9156.35,Unpaid
559,94211,857,2023-03-08,2023-07-12,2023-08-09,6864.99,Paid
560,61820,115,2023-01-11,2023-12-07,2023-10-10,6518.79,Paid
561,36078,119,2023-07-19,2023-02-25,2023-08-05,3689.36,Unpaid
562,61258,810,2023-05-15,2023-11-23,2023-08-24,9287.26,Unpaid
563,62356,996,2023-04-02,2023-06-02,2023-10-08,6607.55,Paid
564,82648,183,2023-09-08,2023-07-28,2023-07-26,6293.0,Overdue
565,94474,277,2023-07-08,2023-08-20,2023-01-16,9624.2,Unpaid
566,68421,641,2023-12-27,2023-11-22,2023-09-22,5695.87,Paid
567,59673,23,2023-02-14,2023-01-06,2023-12-20,3600.46,Unpaid
568,93293,435,2023-11-12,2023-02-20,2023-11-14,5646.01,Paid
569,24529,763,2023-05-18,2023-06-04,2023-05-14,8241.43,Paid
570,66691,340,2023-07-11,2023-09-05,2023-08-09,3447.51,Overdue
571,65211,711,2023-11-22,2023-05-25,2023-10-28,7693.66,Unpaid
572,93226,629,2023-10-20,2023-10-16,2023-03-20,4121.22,Paid
573,18996,404,2023-06-08,2023-06-07,2023-10-10,1402.98,Overdue
574,66691,643,2023-02-22,2023-07-19,2023-03-15,8059.76,Paid
575,95191,807,2023-03-22,2023-01-18,2023-07-10,9210.42,Unpaid
576,45278,267,2023-05-23,2023-03-25,2023-03-04,2335.75,Unpaid
577,74898,918,2023-10-01,2023-01-21,2023-03-21,1404.59,Unpaid
578,46349,554,2023-11-01,2023-08-17,2023-02-10,2312.79,Overdue
579,74102,660,2023-08-07,2023-01-14,2023-09-25,4422.22,Overdue
580,47322,846,2023-05-13,2023-10-13,2023-07-24,7636.85,Overdue
581,26642,748,2023-01-17,2023-02-14,2023-01-15,6131.87,Overdue
582,71478,692,2023-06-13,2023-05-01,2023-12-08,1149.65,Paid
583,79926,859,2023-01-02,2023-04-08,2023-01-05,1799.43,Overdue
584,48157,210,2023-03-02,2023-06-05,2023-06-04,1866.33,Overdue
585,88863,425,2023-06-11,2023-03-18,2023-10-10,1440.83,Unpaid
586,83265,699,2023-01-26,2023-02-09,2023-08-18,2256.59,Unpaid
587,18996,404,2023-08-09,2023-06-18,2023-09-11,8940.48,Overdue
588,48157,838,2023-06-04,2023-03-17,2023-10-16,1339.35,Unpaid
589,65211,714,2023-03-11,2023-06-01,2023-03-17,4746.47,Overdue
590,93226,139,2023-07-22,2023-02-20,2023-08-14,7777.46,Unpaid
591,11112,948,2023-05-08,2023-01-15,2023-11-07,6068.75,Paid
592,19701,25,2023-11-18,2023-09-25,2023-04-16,941.72,Unpaid
593,79926,859,2023-05-10,2023-08-18,2023-03-15,9833.25,Overdue
594,24529,831,2023-05-07,2023-08-22,2023-08-12,2154.28,Overdue
595,71478,204,2023-06-25,2023-03-06,2023-07-17,3814.45,Paid
596,25221,96,2023-06-14,2023-09-02,2023-03-15,1009.9,Paid
597,17629,213,2023-11-02,2023-12-22,2023-08-09,3073.98,Unpaid
598,5272,331,2023-04-02,2023-04-17,2023-06-22,4523.86,Paid
599,82648,112,2023-03-26,2023-10-03,2023-05-05,6148.18,Paid
600,94211,128,2023-04-10,2023-03-25,2023-07-20,677.52,Paid
601,9948,236,2023-03-26,2023-10-06,2023-11-15,3245.72,Paid
602,80110,163,2023-05-02,2023-08-19,2023-06-12,8783.85,Overdue
603,466,414,2023-05-09,2023-05-09,2023-10-24,5823.8,Overdue
604,75135,56,2023-10-25,2023-05-26,2023-01-12,4223.88,Overdue
605,60875,117,2023-06-13,2023-01-22,2023-04-04,7967.17,Paid
606,61156,439,2023-01-25,2023-01-26,2023-12-21,5114.55,Unpaid
607,34552,768,2023-11-10,2023-06-22,2023-09-15,3296.73,Paid
608,61188,909,2023-05-02,2023-12-09,2023-05-27,9980.03,Paid
609,75135,233,2023-10-22,2023-04-26,2023-03-26,5902.86,Paid
610,48415,15,2023-01-12,2023-08-05,2023-09-09,2058.76,Unpaid
611,68485,312,2023-05-21,2023-02-28,2023-03-06,3802.53,Overdue
612,26642,186,2023-11-26,2023-01-23,2023-03-22,9584.68,Unpaid
613,55113,421,2023-03-11,2023-03-01,2023-02-15,7985.04,Unpaid
614,9948,703,2023-07-17,2023-12-07,2023-03-08,7212.97,Unpaid
615,36078,722,2023-11-05,2023-04-15,2023-08-23,9837.69,Overdue
616,93293,435,2023-05-02,2023-08-17,2023-09-21,3604.09,Paid
617,12129,17,2023-10-27,2023-10-17,2023-08-09,9190.47,Paid
618,52943,258,2023-01-25,2023-03-18,2023-03-11,771.46,Unpaid
619,64205,646,2023-03-27,2023-08-18,2023-12-26,6360.45,Paid
620,94211,857,2023-03-02,2023-05-08,2023-09-18,9062.09,Overdue
621,34552,508,2023-05-07,2023-02-09,2023-06-22,8643.8,Unpaid
622,1116,375,2023-08-16,2023-06-05,2023-07-21,8952.59,Paid
623,75135,233,2023-06-08,2023-03-26,2023-08-01,1057.65,Unpaid
624,80110,223,2023-03-06,2023-08-11,2023-03-13,2939.52,Overdue
625,81768,824,2023-11-11,2023-11-02,2023-07-22,3679.55,Paid
626,34552,621,2023-04-23,2023-07-07,2023-12-14,5890.45,Overdue
627,9948,796,2023-07-27,2023-01-22,2023-01-10,9393.97,Paid
628,39118,706,2023-10-03,2023-05-18,2023-12-05,6481.5,Overdue
629,10119,517,2023-01-17,2023-03-24,2023-10-12,5103.15,Unpaid
630,93293,624,2023-10-03,2023-10-06,2023-01-02,1311.62,Unpaid
631,60527,959,2023-12-08,2023-05-18,2023-11-09,2884.18,Overdue
632,2904,818,2023-12-04,2023-01-23,2023-08-01,8774.48,Unpaid
633,74898,918,2023-06-17,2023-03-25,2023-05-15,1875.84,Overdue
634,9948,756,2023-04-03,2023-10-08,2023-05-05,9907.61,Unpaid
635,24529,111,2023-02-14,2023-04-03,2023-07-02,1409.67,Paid
636,37971,705,2023-09-03,2023-02-20,2023-05-09,868.74,Unpaid
637,68421,641,2023-10-26,2023-04-26,2023-02-13,5356.78,Unpaid
638,93293,450,2023-01-06,2023-06-04,2023-10-03,8665.63,Unpaid
639,19701,719,2023-07-18,2023-09-28,2023-12-24,1731.98,Unpaid
640,65211,714,2023-03-01,2023-04-03,2023-07-08,8637.59,Overdue
641,11733,997,2023-04-02,2023-01-11,2023-05-21,2156.03,Paid
642,36078,970,2023-05-10,2023-05-05,2023-02-10,7670.9,Unpaid
643,6746,990,2023-06-11,2023-05-04,2023-09-03,7789.63,Unpaid
644,46349,746,2023-02-18,2023-09-28,2023-02-22,7065.75,Paid
645,73241,315,2023-01-07,2023-10-07,2023-04-08,718.39,Unpaid
646,48157,647,2023-11-26,2023-09-06,2023-08-11,3182.92,Unpaid
647,64205,264,2023-07-17,2023-06-19,2023-09-16,809.06,Paid
648,29271,221,2023-11-18,2023-01-08,2023-07-06,3567.76,Paid
649,9948,306,2023-10-12,2023-07-22,2023-06-04,2029.04,Unpaid
650,11112,948,2023-07-24,2023-10-01,2023-05-03,3753.09,Unpaid
651,36078,722,2023-04-05,2023-02-14,2023-04-10,7928.65,Paid
652,69844,827,2023-01-20,2023-03-21,2023-12-11,4643.24,Paid
653,77274,562,2023-10-27,2023-12-27,2023-01-23,2965.97,Overdue
654,33270,379,2023-04-16,2023-03-09,2023-09-10,7854.73,Overdue
655,466,822,2023-06-21,2023-04-03,2023-06-28,9952.68,Paid
656,63600,788,2023-05-11,2023-09-28,2023-09-15,4906.06,Overdue
657,1116,238,2023-11-19,2023-07-13,2023-05-14,2887.13,Unpaid
658,5272,910,2023-10-11,2023-10-06,2023-07-05,7766.36,Overdue
659,2904,523,2023-02-10,2023-03-25,2023-06-19,3173.02,Unpaid
660,93293,240,2023-02-05,2023-12-23,2023-08-25,1988.23,Paid
661,9948,703,2023-01-23,2023-02-13,2023-10-25,9879.43,Overdue
662,3047,953,2023-08-15,2023-10-10,2023-09-01,1561.14,Unpaid
663,25342,461,2023-07-03,2023-03-08,2023-04-21,9552.41,Paid
664,12129,478,2023-01-11,2023-04-11,2023-03-16,7614.86,Unpaid
665,68421,307,2023-09-23,2023-04-17,2023-07-16,5347.97,Overdue
666,98315,612,2023-03-15,2023-07-27,2023-11-05,2346.72,Overdue
667,21002,294,2023-06-21,2023-01-17,2023-01-10,4757.67,Overdue
668,30023,750,2023-06-20,2023-07-10,2023-12-23,7313.92,Unpaid
669,8529,308,2023-05-11,2023-10-11,2023-08-08,6642.08,Overdue
670,8804,941,2023-09-20,2023-05-16,2023-11-18,7382.7,Unpaid
671,60648,931,2023-10-20,2023-04-01,2023-10-16,3881.09,Overdue
672,68485,243,2023-04-18,2023-09-10,2023-04-19,1649.21,Paid
673,33270,773,2023-07-01,2023-05-05,2023-01-20,3109.26,Overdue
674,68421,57,2023-10-21,2023-09-12,2023-02-05,1143.12,Overdue
675,60648,34,2023-11-22,2023-01-02,2023-12-08,8060.29,Overdue
676,61820,429,2023-09-14,2023-08-27,2023-02-28,2082.88,Unpaid
677,94211,128,2023-10-27,2023-01-09,2023-05-05,9309.58,Paid
678,26642,979,2023-12-03,2023-02-21,2023-05-12,1244.76,Unpaid
679,55113,672,2023-07-09,2023-06-09,2023-07-20,5863.12,Unpaid
680,74898,868,2023-12-17,2023-11-13,2023-01-07,1803.06,Overdue
681,83265,216,2023-02-02,2023-11-17,2023-12-22,7147.88,Paid
682,68421,664,2023-10-19,2023-06-07,2023-07-12,2139.86,Paid
683,61156,293,2023-11-05,2023-07-25,2023-09-24,2432.72,Paid
684,55113,924,2023-09-24,2023-12-21,2023-04-09,8330.13,Overdue
685,96599,175,2023-02-27,2023-05-28,2023-06-03,9083.47,Unpaid
686,94211,575,2023-01-26,2023-10-07,2023-02-15,4578.74,Unpaid
687,22871,19,2023-10-23,2023-07-01,2023-07-04,3870.5,Overdue
688,17629,966,2023-06-05,2023-12-08,2023-07-22,6128.8,Overdue
689,37185,371,2023-10-17,2023-02-18,2023-07-13,1447.61,Overdue
690,97539,833,2023-07-04,2023-05-09,2023-04-12,3638.44,Overdue
691,22821,774,2023-03-17,2023-10-15,2023-12-21,2650.6,Paid
692,8804,55,2023-10-28,2023-09-19,2023-02-23,6911.15,Overdue
693,68485,723,2023-05-07,2023-10-22,2023-06-20,4351.03,Unpaid
694,82648,153,2023-06-06,2023-08-21,2023-11-08,3065.44,Paid
695,6746,736,2023-07-10,2023-10-06,2023-06-23,5856.03,Overdue
696,11733,148,2023-04-16,2023-06-27,2023-02-12,8458.94,Paid
697,66691,643,2023-03-19,2023-06-27,2023-05-04,1913.93,Overdue
698,65939,109,2023-02-18,2023-10-10,2023-06-24,7842.24,Paid
699,46349,554,2023-05-03,2023-10-22,2023-04-17,9343.43,Paid
700,64205,913,2023-02-08,2023-11-12,2023-09-18,3015.46,Paid
701,27434,45,2023-07-19,2023-04-10,2023-10-14,7489.81,Overdue
702,6746,90,2023-11-08,2023-01-21,2023-02-06,4640.18,Overdue
703,48157,85,2023-06-23,2023-12-01,2023-11-18,6613.5,Paid
704,68485,668,2023-07-07,2023-09-16,2023-08-25,9701.75,Overdue
705,10119,447,2023-10-01,2023-03-28,2023-05-13,2445.89,Paid
706,33270,473,2023-01-12,2023-08-16,2023-02-11,8515.97,Unpaid
707,11112,48,2023-11-17,2023-02-02,2023-02-18,3838.29,Paid
708,6723,100,2023-05-07,2023-04-02,2023-05-18,9266.54,Unpaid
709,45317,561,2023-08-24,2023-06-28,2023-09-20,9338.52,Paid
710,9311,567,2023-05-11,2023-03-20,2023-06-11,9532.58,Paid
711,18996,622,2023-09-03,2023-06-17,2023-11-24,3187.84,Paid
712,11733,285,2023-10-07,2023-10-12,2023-08-17,3874.98,Unpaid
713,30023,146,2023-06-07,2023-11-10,2023-09-08,8874.3,Overdue
714,75135,382,2023-04-14,2023-02-27,2023-03-01,3588.41,Paid
715,5272,891,2023-06-03,2023-08-20,2023-02-16,5145.4,Paid
716,75135,382,2023-08-23,2023-05-01,2023-12-16,7118.65,Overdue
717,75135,806,2023-08-21,2023-01-08,2023-06-25,4875.48,Unpaid
718,83265,699,2023-03-22,2023-08-06,2023-12-26,5452.77,Paid
719,65939,463,2023-11-26,2023-12-09,2023-10-01,3117.89,Paid
720,61258,930,2023-07-14,2023-03-16,2023-08-01,9038.75,Overdue
721,36078,119,2023-05-22,2023-05-19,2023-06-19,7349.17,Paid
722,59673,631,2023-02-04,2023-10-17,2023-03-26,9122.11,Unpaid
723,25342,442,2023-04-13,2023-02-12,2023-03-18,2937.49,Unpaid
724,48415,15,2023-04-28,2023-02-12,2023-08-27,8648.58,Overdue
725,17629,213,2023-02-10,2023-03-13,2023-02-26,7986.06,Overdue
726,47322,666,2023-10-28,2023-11-04,2023-12-10,858.09,Paid
727,81768,851,2023-02-03,2023-03-24,2023-06-18,1766.94,Unpaid
728,68485,181,2023-11-27,2023-12-10,2023-09-02,728.94,Overdue
729,12129,555,2023-10-25,2023-03-04,2023-05-27,1292.39,Unpaid
730,30387,287,2023-11-20,2023-06-13,2023-04-27,8510.33,Overdue
731,62356,578,2023-09-24,2023-03-01,2023-10-25,7696.29,Paid
732,12129,423,2023-10-12,2023-11-28,2023-08-07,5959.84,Overdue
733,39118,12,2023-11-18,2023-04-27,2023-05-01,1140.12,Unpaid
734,74898,137,2023-05-13,2023-04-21,2023-06-10,1727.51,Overdue
735,11733,876,2023-05-06,2023-06-20,2023-09-12,5994.21,Unpaid
736,71478,901,2023-06-05,2023-07-28,2023-08-09,4162.19,Paid
737,68421,641,2023-05-25,2023-10-10,2023-07-22,6744.01,Unpaid
738,95191,61,2023-08-24,2023-02-17,2023-07-03,4318.67,Overdue
739,5272,897,2023-01-21,2023-05-19,2023-12-20,1867.53,Overdue
740,55113,541,2023-03-03,2023-07-23,2023-04-19,1549.71,Unpaid
741,55113,35,2023-05-02,2023-02-08,2023-10-13,3357.45,Overdue
742,81768,159,2023-09-24,2023-08-09,2023-12-10,9716.13,Paid
743,97539,211,2023-06-26,2023-08-07,2023-12-14,3487.21,Paid
744,25221,527,2023-09-25,2023-07-22,2023-02-14,859.63,Unpaid
745,25342,515,2023-12-26,2023-02-07,2023-03-12,7525.45,Paid
746,10119,543,2023-04-22,2023-03-09,2023-06-06,5956.32,Paid
747,46349,416,2023-02-16,2023-05-10,2023-03-07,4256.77,Unpaid
748,9948,236,2023-02-23,2023-10-16,2023-01-23,8045.03,Unpaid
749,61820,693,2023-12-12,2023-09-20,2023-07-05,1702.82,Unpaid
750,93293,888,2023-06-15,2023-09-25,2023-05-04,7620.37,Paid
751,74898,21,2023-06-17,2023-07-15,2023-11-13,687.9,Unpaid
752,97539,833,2023-04-20,2023-05-04,2023-06-04,1484.26,Overdue
753,60527,333,2023-02-20,2023-10-08,2023-12-16,5523.99,Paid
754,68485,51,2023-11-06,2023-08-14,2023-09-28,7955.79,Unpaid
755,48157,927,2023-02-09,2023-05-27,2023-05-06,2017.29,Unpaid
756,38482,905,2023-08-02,2023-10-04,2023-07-20,6975.55,Unpaid
757,92373,968,2023-09-21,2023-03-28,2023-04-19,2251.54,Paid
758,30023,108,2023-05-11,2023-08-02,2023-11-05,6637.78,Overdue
759,11733,688,2023-03-10,2023-10-15,2023-07-03,2643.38,Paid
760,25221,889,2023-01-07,2023-10-17,2023-11-12,5760.73,Overdue
761,60648,614,2023-06-19,2023-05-24,2023-07-01,3775.36,Paid
762,79926,791,2023-12-01,2023-04-07,2023-03-22,3505.02,Overdue
763,66691,881,2023-06-01,2023-10-09,2023-04-15,1209.0,Paid
764,33270,75,2023-10-28,2023-10-20,2023-08-15,746.62,Paid
765,33270,230,2023-09-22,2023-05-04,2023-10-11,2992.73,Unpaid
766,30023,476,2023-10-27,2023-12-03,2023-11-14,5687.38,Unpaid
767,56703,241,2023-12-24,2023-08-13,2023-12-26,5532.69,Paid
768,34552,625,2023-04-07,2023-01-09,2023-10-20,4126.65,Overdue
769,68485,312,2023-09-19,2023-09-24,2023-03-26,6196.61,Overdue
770,11112,628,2023-05-10,2023-02-19,2023-11-14,4194.96,Paid
771,39118,12,2023-01-11,2023-12-13,2023-11-12,1318.54,Unpaid
772,2904,317,2023-02-05,2023-10-03,2023-11-16,4036.57,Overdue
773,81768,171,2023-12-05,2023-08-15,2023-10-05,2446.12,Unpaid
774,60527,36,2023-08-04,2023-07-09,2023-08-20,4920.3,Overdue
775,74102,164,2023-05-28,2023-07-11,2023-09-14,6592.47,Overdue
776,11733,688,2023-06-18,2023-08-11,2023-06-10,2456.79,Paid
777,5272,271,2023-11-15,2023-11-28,2023-08-13,9411.5,Unpaid
778,25221,659,2023-12-10,2023-10-25,2023-08-15,7540.59,Overdue
779,92373,715,2023-03-06,2023-12-19,2023-10-10,7354.01,Overdue
780,4982,314,2023-10-19,2023-07-28,2023-05-08,7931.33,Unpaid
781,75135,126,2023-07-16,2023-02-01,2023-02-23,790.75,Overdue
782,18996,399,2023-06-01,2023-06-07,2023-04-22,7900.04,Paid
783,93293,450,2023-04-18,2023-03-03,2023-02-01,6343.5,Paid
784,75135,841,2023-04-17,2023-10-28,2023-03-06,4270.95,Unpaid
785,93226,18,2023-08-09,2023-03-26,2023-09-04,9824.24,Overdue
786,9948,306,2023-11-19,2023-08-28,2023-04-07,8876.8,Paid
787,52943,754,2023-06-27,2023-12-26,2023-04-14,4790.3,Paid
788,53562,118,2023-08-05,2023-01-26,2023-06-08,2435.77,Paid
789,17629,507,2023-11-10,2023-05-02,2023-02-19,2386.98,Paid
790,37185,53,2023-08-24,2023-04-05,2023-02-18,3529.01,Overdue
791,27434,5,2023-10-13,2023-06-16,2023-08-18,2051.5,Overdue
792,41625,764,2023-04-27,2023-02-07,2023-09-27,7818.01,Unpaid
793,69192,945,2023-12-01,2023-06-10,2023-05-19,515.06,Paid
794,22871,226,2023-08-22,2023-06-09,2023-05-04,8296.32,Overdue
795,4982,2,2023-08-13,2023-10-09,2023-09-25,1591.93,Paid
796,80110,483,2023-12-13,2023-10-15,2023-02-15,7140.76,Unpaid
797,5272,209,2023-01-01,2023-11-15,2023-09-09,4223.21,Unpaid
798,39118,155,2023-07-07,2023-01-03,2023-04-08,4680.59,Unpaid
799,66691,848,2023-08-11,2023-01-08,2023-03-22,7364.38,Overdue
800,27434,907,2023-05-23,2023-02-18,2023-03-04,7467.16,Unpaid
801,96599,412,2023-09-17,2023-09-25,2023-07-11,8672.77,Unpaid
802,27434,907,2023-07-02,2023-01-05,2023-05-03,6694.2,Overdue
803,65939,985,2023-04-27,2023-09-25,2023-02-13,9787.81,Overdue
804,95191,823,2023-04-21,2023-09-07,2023-03-01,5781.52,Paid
805,52943,565,2023-02-28,2023-04-17,2023-01-07,4726.54,Unpaid
806,95191,61,2023-12-18,2023-03-15,2023-04-23,9862.56,Unpaid
807,9311,460,2023-08-21,2023-11-14,2023-11-25,9205.0,Paid
808,30023,784,2023-12-25,2023-02-21,2023-08-20,9525.28,Overdue
809,33270,379,2023-02-01,2023-06-25,2023-07-14,2032.14,Paid
810,17629,812,2023-05-13,2023-10-21,2023-02-01,4582.36,Paid
811,60648,931,2023-01-17,2023-11-27,2023-02-05,2149.95,Overdue
812,27434,5,2023-04-06,2023-07-24,2023-06-02,3821.9,Paid
813,27434,871,2023-07-10,2023-02-14,2023-07-15,1973.74,Unpaid
814,47322,383,2023-12-02,2023-07-12,2023-11-03,6696.5,Paid
815,45278,98,2023-07-10,2023-02-24,2023-08-06,1471.76,Unpaid
816,65939,109,2023-11-15,2023-10-13,2023-07-04,4155.64,Paid
817,37971,475,2023-09-19,2023-03-06,2023-02-25,6980.47,Overdue
818,56703,886,2023-09-20,2023-10-10,2023-05-12,4921.08,Unpaid
819,30387,589,2023-12-07,2023-03-20,2023-10-09,8668.67,Paid
820,30023,224,2023-11-11,2023-08-11,2023-05-08,4556.33,Overdue
821,24529,831,2023-06-08,2023-01-19,2023-04-07,6261.74,Unpaid
822,81768,851,2023-11-12,2023-11-04,2023-09-15,8626.6,Paid
823,98315,627,2023-04-05,2023-12-19,2023-07-23,1493.7,Overdue
824,36078,484,2023-04-16,2023-12-09,2023-04-28,3341.3,Unpaid
825,79926,557,2023-05-21,2023-06-10,2023-10-08,6017.09,Paid
826,17629,213,2023-07-14,2023-06-28,2023-03-21,5457.53,Unpaid
827,52943,165,2023-11-20,2023-05-06,2023-05-26,6834.86,Paid
828,94211,128,2023-03-26,2023-06-27,2023-06-27,8018.18,Paid
829,93226,511,2023-11-12,2023-12-15,2023-02-26,7928.74,Unpaid
830,66691,340,2023-05-04,2023-05-08,2023-02-07,1394.69,Overdue
831,39118,706,2023-04-03,2023-12-09,2023-12-03,7701.34,Paid
832,73241,809,2023-02-15,2023-02-13,2023-10-20,759.07,Overdue
833,83265,726,2023-04-26,2023-03-04,2023-10-01,3877.66,Overdue
834,75135,120,2023-03-08,2023-11-19,2023-02-19,6074.11,Overdue
835,61820,481,2023-07-03,2023-01-18,2023-01-28,5657.07,Overdue
836,37971,873,2023-09-20,2023-12-20,2023-09-19,7071.04,Paid
837,8804,55,2023-11-16,2023-02-21,2023-07-21,7915.38,Paid
838,10119,670,2023-11-11,2023-03-18,2023-04-18,3845.11,Unpaid
839,93293,397,2023-05-21,2023-06-10,2023-04-23,7084.83,Overdue
840,45317,707,2023-02-19,2023-03-08,2023-06-24,6819.53,Overdue
841,5792,154,2023-07-25,2023-01-13,2023-06-15,6625.72,Paid
842,71478,292,2023-10-08,2023-04-20,2023-07-16,8453.48,Paid
843,39118,116,2023-09-13,2023-12-17,2023-10-18,6040.93,Overdue
844,45317,465,2023-09-14,2023-02-12,2023-04-16,7541.43,Unpaid
845,41625,346,2023-09-23,2023-07-28,2023-06-04,9669.39,Paid
846,8856,663,2023-03-17,2023-02-07,2023-07-22,1870.09,Unpaid
847,95191,14,2023-08-01,2023-03-10,2023-01-18,5868.19,Paid
848,96599,66,2023-10-24,2023-06-14,2023-05-23,9414.98,Overdue
849,94211,575,2023-09-23,2023-08-28,2023-04-19,7970.31,Paid
850,25342,698,2023-01-19,2023-05-22,2023-12-08,7228.75,Overdue
851,69844,762,2023-11-26,2023-06-28,2023-03-22,3127.38,Unpaid
852,74898,137,2023-03-15,2023-11-11,2023-02-12,5369.65,Overdue
853,55113,729,2023-11-01,2023-05-07,2023-10-26,3422.69,Paid
854,60527,234,2023-07-19,2023-08-10,2023-04-28,9342.65,Unpaid
855,62356,337,2023-12-15,2023-11-04,2023-04-15,3340.24,Overdue
856,74102,576,2023-09-20,2023-08-14,2023-03-21,1790.84,Paid
857,53562,834,2023-04-23,2023-07-09,2023-10-13,2717.4,Paid
858,11733,876,2023-06-28,2023-04-28,2023-07-10,8933.18,Unpaid
859,95191,807,2023-11-06,2023-08-15,2023-05-20,4010.35,Unpaid
860,59673,388,2023-02-18,2023-02-20,2023-06-16,677.98,Paid
861,69844,572,2023-02-23,2023-07-24,2023-08-18,4108.36,Paid
862,68421,641,2023-04-06,2023-06-24,2023-02-14,8557.35,Paid
863,68421,550,2023-08-10,2023-10-24,2023-12-18,2804.16,Paid
864,60527,498,2023-10-19,2023-03-04,2023-03-28,3851.27,Overdue
865,45317,220,2023-01-13,2023-07-06,2023-05-27,8273.52,Unpaid
866,19701,25,2023-04-09,2023-11-15,2023-03-21,9188.27,Overdue
867,61258,322,2023-02-21,2023-11-20,2023-08-17,893.21,Unpaid
868,79926,396,2023-01-15,2023-11-05,2023-04-10,9526.65,Paid
869,12129,701,2023-04-15,2023-09-01,2023-01-18,1038.17,Unpaid
870,71478,292,2023-08-07,2023-02-13,2023-08-20,6817.14,Paid
871,46349,975,2023-06-25,2023-08-03,2023-10-15,3197.56,Unpaid
872,94474,880,2023-09-10,2023-10-11,2023-02-22,978.49,Paid
873,36078,696,2023-12-06,2023-10-26,2023-09-03,5275.76,Unpaid
874,73241,192,2023-02-03,2023-11-08,2023-07-28,6858.49,Paid
875,93226,843,2023-05-11,2023-03-05,2023-05-28,7498.41,Overdue
876,75135,803,2023-11-22,2023-06-04,2023-04-05,1868.95,Overdue
877,68485,272,2023-01-11,2023-12-28,2023-04-28,2021.11,Overdue
878,32168,415,2023-09-09,2023-03-16,2023-11-28,8716.85,Unpaid
879,92373,227,2023-09-01,2023-09-24,2023-02-20,5238.97,Unpaid
880,36078,386,2023-01-24,2023-06-24,2023-05-17,5232.26,Paid
881,79926,859,2023-03-12,2023-12-25,2023-07-02,1145.46,Overdue
882,26642,351,2023-08-16,2023-05-14,2023-04-01,563.29,Paid
883,97539,727,2023-02-28,2023-02-04,2023-08-04,3867.96,Paid
884,14590,986,2023-10-24,2023-02-07,2023-11-02,587.45,Paid
885,1116,375,2023-09-14,2023-02-06,2023-02-20,5259.48,Unpaid
886,27434,765,2023-04-13,2023-08-26,2023-08-20,9780.48,Overdue
887,5792,172,2023-06-16,2023-05-11,2023-05-11,7929.71,Overdue
888,45317,465,2023-10-28,2023-05-25,2023-05-11,8809.81,Overdue
889,11112,628,2023-10-06,2023-04-19,2023-08-21,2098.67,Unpaid
890,4982,52,2023-01-09,2023-01-21,2023-02-16,7994.84,Overdue
891,66691,848,2023-06-15,2023-03-07,2023-12-02,8350.53,Unpaid
892,56703,987,2023-06-25,2023-05-13,2023-11-12,6762.73,Overdue
893,83265,826,2023-08-03,2023-12-05,2023-04-19,5349.26,Overdue
894,37185,403,2023-05-19,2023-02-05,2023-05-15,5133.13,Paid
895,66691,73,2023-06-02,2023-07-20,2023-11-21,1312.78,Unpaid
896,94211,575,2023-04-23,2023-09-10,2023-07-09,6024.79,Unpaid
897,25221,26,2023-07-18,2023-03-25,2023-09-06,9916.5,Overdue
898,61258,142,2023-05-12,2023-11-23,2023-10-06,8196.31,Overdue
899,87760,455,2023-11-02,2023-06-27,2023-03-11,4174.09,Overdue
900,68485,413,2023-11-17,2023-01-09,2023-08-05,3157.7,Paid
901,61820,981,2023-10-10,2023-01-06,2023-10-14,9712.08,Unpaid
902,68485,272,2023-09-18,2023-01-25,2023-12-28,4313.03,Overdue
903,93226,78,2023-06-07,2023-08-02,2023-07-13,1342.73,Paid
904,22871,226,2023-09-27,2023-10-16,2023-02-22,3418.2,Unpaid
905,77274,500,2023-05-16,2023-06-08,2023-06-11,4397.33,Unpaid
906,6746,990,2023-04-19,2023-09-14,2023-09-09,9706.01,Unpaid
907,93293,38,2023-08-17,2023-12-14,2023-07-20,5562.18,Overdue
908,95191,514,2023-07-16,2023-07-09,2023-03-23,8483.79,Unpaid
909,24529,867,2023-11-23,2023-04-02,2023-05-03,7515.03,Overdue
910,11112,948,2023-07-25,2023-07-06,2023-08-10,4167.93,Overdue
911,53562,276,2023-10-28,2023-12-19,2023-10-23,6610.14,Paid
912,65211,545,2023-02-14,2023-09-08,2023-04-01,6549.74,Paid
913,8856,426,2023-08-24,2023-09-17,2023-05-09,8502.74,Unpaid
914,6723,955,2023-04-10,2023-05-17,2023-11-10,3622.8,Unpaid
915,87760,187,2023-04-04,2023-01-22,2023-04-04,6909.78,Paid
916,92373,488,2023-08-26,2023-06-12,2023-02-05,3861.92,Paid
917,8856,426,2023-11-07,2023-10-01,2023-10-22,8409.8,Overdue
918,45278,586,2023-08-11,2023-11-05,2023-11-23,561.89,Unpaid
919,18996,404,2023-09-21,2023-03-17,2023-02-18,4544.75,Unpaid
920,32168,620,2023-05-03,2023-05-14,2023-05-09,8026.96,Paid
921,48415,71,2023-09-15,2023-06-23,2023-05-04,8048.77,Unpaid
922,6723,261,2023-01-05,2023-06-04,2023-09-14,8163.6,Overdue
923,4982,314,2023-03-17,2023-02-25,2023-01-25,7172.98,Overdue
924,41625,499,2023-08-18,2023-06-11,2023-09-07,8754.9,Unpaid
925,26642,616,2023-08-16,2023-07-08,2023-11-17,4594.24,Overdue
926,61820,481,2023-09-03,2023-01-23,2023-09-20,2997.41,Unpaid
927,68421,573,2023-06-04,2023-09-13,2023-04-16,1420.01,Unpaid
928,79926,420,2023-10-13,2023-04-22,2023-01-08,3457.88,Paid
929,71478,295,2023-07-24,2023-09-26,2023-09-14,2404.37,Paid
930,56703,676,2023-02-22,2023-02-03,2023-12-19,4093.49,Paid
931,33270,379,2023-10-27,2023-09-24,2023-10-14,9382.03,Paid
932,96599,553,2023-07-27,2023-02-23,2023-10-22,9276.62,Unpaid
933,33270,473,2023-09-11,2023-05-16,2023-03-26,8906.43,Unpaid
934,6723,3,2023-06-02,2023-05-14,2023-04-19,3625.07,Unpaid
935,10119,853,2023-09-05,2023-05-14,2023-09-07,5512.33,Paid
936,5272,331,2023-01-10,2023-12-24,2023-02-26,5854.14,Unpaid
937,96599,899,2023-03-03,2023-06-09,2023-04-18,6377.58,Overdue
938,94474,458,2023-03-07,2023-01-28,2023-01-21,4582.02,Overdue
939,47322,591,2023-08-11,2023-11-02,2023-02-28,4615.85,Paid
940,66691,881,2023-12-17,2023-09-15,2023-10-07,7460.42,Unpaid
941,12129,391,2023-03-07,2023-05-26,2023-06-04,4163.44,Unpaid
942,27434,912,2023-03-18,2023-07-18,2023-06-17,2378.63,Overdue
943,2904,402,2023-02-20,2023-08-27,2023-11-10,1550.81,Paid
944,64205,758,2023-08-04,2023-07-20,2023-10-11,2436.2,Paid
945,74102,244,2023-03-05,2023-12-09,2023-12-18,9567.02,Paid
946,12024,934,2023-07-18,2023-09-10,2023-12-15,4717.91,Overdue
947,60648,949,2023-11-24,2023-07-22,2023-02-04,1949.7,Paid
948,82648,685,2023-04-16,2023-10-14,2023-02-01,5952.94,Overdue
949,5272,891,2023-04-15,2023-08-21,2023-05-10,5649.0,Paid
950,61188,69,2023-11-22,2023-09-22,2023-07-03,8557.25,Overdue
951,22821,309,2023-07-04,2023-08-15,2023-08-22,7103.82,Paid
952,87760,316,2023-07-17,2023-05-03,2023-01-17,7771.4,Overdue
953,30387,936,2023-07-25,2023-08-06,2023-05-25,2888.22,Paid
954,80110,974,2023-11-23,2023-02-07,2023-11-11,2833.95,Paid
955,80110,282,2023-03-20,2023-10-02,2023-02-15,1829.61,Unpaid
956,26642,540,2023-10-17,2023-06-09,2023-04-10,3917.13,Paid
957,26642,616,2023-09-18,2023-08-10,2023-05-17,7024.06,Overdue
958,45278,98,2023-02-25,2023-06-21,2023-12-23,9123.54,Overdue
959,61820,693,2023-09-15,2023-11-17,2023-05-21,6959.83,Overdue
960,17629,207,2023-06-13,2023-10-04,2023-07-09,5896.72,Overdue
961,27434,757,2023-10-11,2023-11-02,2023-03-04,9569.3,Paid
962,98315,837,2023-11-01,2023-12-03,2023-11-15,3055.63,Paid
963,38482,11,2023-02-20,2023-02-04,2023-06-02,1936.39,Unpaid
964,17629,804,2023-02-15,2023-02-14,2023-01-09,7860.26,Unpaid
965,39118,116,2023-10-03,2023-03-21,2023-02-22,8016.26,Overdue
966,29271,448,2023-05-17,2023-04-13,2023-02-20,1129.77,Unpaid
967,48323,712,2023-05-20,2023-09-08,2023-03-15,9202.86,Overdue
968,46349,170,2023-03-02,2023-11-28,2023-11-03,4868.12,Unpaid
969,61188,546,2023-05-06,2023-12-02,2023-08-24,3999.49,Unpaid
970,97539,417,2023-03-28,2023-04-19,2023-08-25,2088.63,Paid
971,34138,893,2023-06-09,2023-08-14,2023-09-16,594.79,Unpaid
972,61258,318,2023-11-12,2023-08-07,2023-10-15,5699.8,Unpaid
973,8804,55,2023-04-26,2023-03-02,2023-03-21,3522.12,Unpaid
974,92373,227,2023-08-18,2023-11-26,2023-08-01,7977.29,Paid
975,53562,761,2023-09-08,2023-10-07,2023-07-18,4140.05,Paid
976,80110,474,2023-02-18,2023-03-14,2023-08-24,9383.95,Paid
977,61258,129,2023-03-14,2023-09-08,2023-03-09,2068.63,Overdue
978,95191,911,2023-09-28,2023-10-13,2023-07-04,3846.59,Unpaid
979,8856,232,2023-03-14,2023-12-04,2023-12-10,8430.75,Overdue
980,37971,50,2023-04-14,2023-05-09,2023-12-17,6122.54,Unpaid
981,17629,28,2023-12-10,2023-05-01,2023-09-24,6206.55,Overdue
982,5792,951,2023-12-11,2023-04-15,2023-09-24,2324.94,Overdue
983,48323,376,2023-10-19,2023-12-05,2023-02-28,8309.22,Unpaid
984,30023,141,2023-08-01,2023-02-15,2023-04-12,4390.15,Unpaid
985,62011,789,2023-12-10,2023-11-17,2023-08-19,7531.21,Overdue
986,17629,957,2023-08-05,2023-05-19,2023-09-28,4327.57,Overdue
987,68485,312,2023-06-17,2023-07-07,2023-09-12,5907.3,Overdue
988,60527,710,2023-05-07,2023-09-16,2023-02-22,8455.76,Unpaid
989,65939,452,2023-07-10,2023-10-13,2023-05-08,8455.71,Overdue
990,19701,994,2023-11-22,2023-11-19,2023-01-16,8121.44,Overdue
991,74102,244,2023-06-25,2023-03-12,2023-12-09,8593.36,Unpaid
992,95191,678,2023-07-16,2023-03-27,2023-08-25,4300.5,Unpaid
993,95191,823,2023-05-28,2023-12-22,2023-04-28,2925.56,Unpaid
994,36078,468,2023-11-09,2023-05-24,2023-09-26,3978.49,Unpaid
995,94211,741,2023-08-14,2023-02-27,2023-02-12,5227.18,Unpaid
996,61188,850,2023-03-13,2023-04-23,2023-12-14,7093.85,Unpaid
997,59673,631,2023-12-25,2023-06-20,2023-11-08,6993.59,Unpaid
998,12024,983,2023-12-14,2023-05-05,2023-02-01,9757.59,Unpaid
999,25342,88,2023-02-09,2023-09-22,2023-07-10,6775.44,Unpaid
1000,10119,104,2023-06-20,2023-05-06,2023-05-24,8909.97,Paid
