Drug ID,Drug Name,NDC Number,GCN,Generic Indicator,Manufacturer ID,Batch Number,Expiry Date,Quantity Available,Unit Price
1,Hand Sanitizer,11673-086,77931,No,542,RDZLU86QSS,2025-08-19,698,616.95
2,Up and Up severe cold and flu,11673-597,205037,No,22636,GM86DFC3YZ,2025-04-16,131,707.39
3,IBUPROFEN,11673-991,670907,Yes,72938,L0T9DEA67F,2025-01-14,850,936.29
4,childrens allergy relief,11822-0620,965636,No,87139,7STE2517BT,2025-03-28,427,465.63
5,Rite Aid Anti-itch,11822-3130,70605,Yes,59902,39VB8FJGI6,2025-10-09,778,356.26
6,DAY MAXIMUM STRENGTH COLD AND FLU RELIEF,11822-8557,404355,No,98237,VQCZDSVK3M,2025-01-01,413,984.02
7,Phenobarbital,13517-628,422896,No,93870,NPUIOT95N2,2025-12-08,688,688.41
8,Fluoxetine,13668-473,469141,No,34498,BHJCGI91MN,2025-06-08,146,83.23
9,LBEL FOREVER ULTRA MATTE BASE CONTROL BRILLO DE LARGA DURACION FPS 15 SHINE CONTROL LONGWEAR FOUNDATION SPF 15 CHAMPAGNE 170-N,14141-317,579928,No,53531,MJYUCPNH5U,2025-01-12,451,226.05
10,Onivyde,15054-0043,800334,No,62375,NM0P96MV9X,2025-06-04,572,700.45
11,PETROLEUM,15631-2883,528674,Yes,73861,S5K5WXWXNT,2025-09-02,822,464.2
12,Levetiracetam,16571-789,157306,No,64683,MJWVBWRGGU,2025-04-04,847,549.61
13,Warfarin Sodium,0093-1723,674198,No,34818,AOFVCOCRH8,2025-12-05,357,901.38
14,Temporary Fibromyalgia Pain and Discomfort Relief,17312-016,24685,Yes,14103,4V981UGF33,2025-02-28,779,526.25
15,DROXIA,0003-6336,864477,Yes,58917,HEYNYBGL3Q,2025-03-04,837,143.7
16,Armodafinil,0093-3094,158846,Yes,78740,U0P8GVYW1Y,2025-05-06,224,534.01
17,Children Acetaminophen Oral Solution,17856-7014,48495,No,43591,BMFNCBGXRR,2025-07-20,432,648.01
18,Stomach Relief Regular Strength,21130-372,971662,No,45247,1YTMX9XH2Z,2025-04-02,497,134.57
19,Calamine,21130-941,928091,No,9780,1W873F2M1D,2025-08-13,584,760.98
20,Standardized Orchard Grass Pollen,22840-0206,259094,Yes,60130,TPKLYXE9CD,2025-12-04,659,505.18
21,Green Ash Pollen,22840-1421,53533,No,8463,7COL9PGC2P,2025-02-16,998,941.22
22,Wingscale,22840-2332,527150,Yes,67283,MHIXNW6MSB,2025-03-08,837,171.79
23,California Western Sycamore Pollen,22840-3494,343920,Yes,93653,FH7LN1GVSY,2025-07-15,674,770.48
24,American Sycamore Pollen,22840-5472,457291,Yes,85576,FZP6CIGJIX,2025-11-16,954,263.9
25,Birch Pollen Mix,22840-9408,27855,No,23486,1US6XV0JZX,2025-04-21,420,587.92
26,Amikacin Sulfate,23155-290,530305,Yes,63197,NODMGZW9G6,2025-06-28,563,481.83
27,Calcitonin Salmon,24201-400,325113,Yes,93628,4491QU7JGU,2025-01-11,614,459.27
28,daptomycin,25021-174,542868,No,62996,BEGY4686N4,2025-04-07,527,572.78
29,solifenacin succinate,27241-037,81094,No,35052,ETWQMDRUH9,2025-07-02,229,749.79
30,Good Neighbor Pharmacy Tussin dm,24385-359,580419,No,92852,960HTYORXC,2025-11-09,832,115.39
31,TerrasilMed BURN CARE,24909-027,764279,No,89906,EGEWC011ZL,2025-11-16,832,794.83
32,SEDALMEX,27854-301,451294,Yes,38562,6K7J3VWTK0,2025-09-12,988,521.59
33,24/7 Life Cold and Flu DayTime Severe,29485-5043,571760,Yes,51026,R6ITQ22VZQ,2025-07-13,280,552.11
34,Kroger Nighttime Cold and Flu Relief,30142-292,599846,Yes,70022,VIHYYOKP50,2025-05-14,513,570.64
35,Sinus Congestion,30142-853,462018,No,17749,6F74UQ1059,2025-07-22,389,401.29
36,VENLAFAXINE HYDROCHLORIDE,31722-126,221239,No,30915,T2M5OIJBMP,2025-06-12,666,210.48
37,Tadalafil,31722-645,337125,No,66031,J99P50CMAP,2025-03-05,447,159.92
38,Losartan potassium and Hydrochlorothiazide,33342-050,902286,No,48989,2JEVEW6NWQ,2025-10-09,698,162.1
39,Budesonide Inhalation,0115-1687,936108,Yes,75068,1SPMN3BEK7,2025-05-07,659,751.22
40,Cyproheptadine Hydrochloride,0115-1757,552071,Yes,1086,6KYNX9TX39,2025-11-16,880,223.86
41,Fludrocortisone Acetate,0115-7033,987466,Yes,34029,A9140MNZ2O,2025-04-13,475,199.43
42,Head Congestion plus Flu Severe PE,36800-474,531328,Yes,1313,4B10VIOCO5,2025-11-28,399,700.3
43,Cold Plus Head Congestion Nighttime,36800-925,560624,No,18208,WRD7QXWYVH,2025-08-13,697,956.13
44,Leader Sport SPF 30,37205-726,155612,No,28282,NOIGO6JFGK,2025-02-01,109,934.11
45,Chelidonium Majus,37662-0242,787907,Yes,94934,BL1SRY9CM5,2025-02-24,648,163.36
46,Gnaphalium Polycephalum,37662-0934,385170,Yes,28670,UUVYEG00V8,2025-03-08,958,242.59
47,Cocculus Indicus,37662-0473,153592,No,29781,Z592UFBFG2,2025-06-11,549,134.67
48,Erigeron Canadensis,37662-0703,241005,Yes,87087,2QI9S4M57R,2025-04-23,402,74.18
49,Niccolum Sulphuricum,37662-1164,537152,No,11660,BQMWMKVAAR,2025-01-22,910,567.45
50,Ricinus Communis,37662-1395,68966,Yes,9762,3IUW98O7EZ,2025-10-25,259,527.95
51,cherry cough drops,41163-038,518430,Yes,96761,4UWFNANMKC,2025-12-18,481,739.22
52,levocetirizine dihydrochloride,41163-938,841963,No,14267,FOIU8TICQ9,2025-01-24,123,511.51
53,IBUPROFEN,41226-610,474678,Yes,1176,06Q6631RY9,2025-04-10,628,856.36
54,Meijer Lime/Berry Antacid Chews,41250-395,250208,No,13213,AJJY2S00FW,2025-01-07,131,422.91
55,Nasal,41250-817,793361,No,43004,OUBR64OOM5,2025-03-21,377,986.43
56,Terebinthina,37662-1625,403098,No,32282,X0NC64BQEA,2025-05-15,161,964.33
57,Natrum Arsenicicum,37662-1856,630948,No,80411,VN7T7LLI7V,2025-07-26,619,369.14
58,Silicea,37662-2090,787169,No,76208,EVM9TCHAIX,2025-02-20,906,979.57
59,Sulphur,37662-2320,493244,No,22475,TSSQBXDDK4,2025-05-25,168,777.33
60,Ruthenium Muriaticum,37662-2551,346747,Yes,75652,NBRXXB1RLQ,2025-09-27,812,501.62
61,Kali Phosphoricum,37662-2782,396900,No,9589,I6860QU9MC,2025-09-18,497,52.74
62,Scandium Nitricum,37662-3011,272181,Yes,62802,APR2VU1JDP,2025-07-06,298,941.15
63,Scandium Metallicum,37662-3242,688658,Yes,40150,AAEWTH1RNS,2025-03-18,703,57.9
64,Aluminium Iodatum,37662-3473,37349,No,69671,1G0VSVGBBG,2025-08-08,750,631.64
65,Sinapis Nigra,37662-4164,624814,Yes,61684,Q7SVQ754HE,2025-02-22,378,241.93
66,Rocuronium Bromide,0143-9251,121896,No,22972,5V3DRI5K4Y,2025-04-24,757,767.82
67,Argatroban,0143-9288,361921,No,35314,MR1XC5KV38,2025-06-13,368,256.22
68,Tungsten Sulphuratum,37662-3704,554877,No,70293,CHE75BOPJU,2025-06-21,269,536.75
69,Niccolum Carbonicum,37662-3934,876014,Yes,15928,0I9PMCR08V,2025-02-20,987,63.01
70,Buprenorphine and Naloxone,43598-581,17624,Yes,73058,BUJ7O35PFF,2025-10-10,982,636.64
71,"DEXTROAMPHETAMINE SACCHARATE, AMPHETAMINE ASPARTATE, DEXTROAMPHETAMINE SULFATE, AND AMPHETAMINE SULFATE",43602-983,206749,Yes,2463,SAHUC92P90,2025-08-13,566,196.99
72,Appetite Control,43742-1534,944142,Yes,57792,HAS4NXOQ9X,2025-07-22,870,233.94
73,Virimmune,43742-2145,445196,Yes,378,WYTMNEF1PX,2025-09-01,727,211.45
74,care one nicotine,41520-352,280660,No,20692,AG4CSQGRGH,2025-05-10,202,45.36
75,METHYLPREDNISOLONE ACETATE,42023-238,163349,No,21875,SIG4VDWMSX,2025-01-26,661,908.52
76,Lithium Carbonate ER,42291-496,308669,No,95800,GIG3WMENIL,2025-12-04,922,707.83
77,Pirfenidone,42385-926,621647,No,46741,YFQDU7X0A5,2025-10-20,551,957.77
78,Clobazam,42571-315,472360,Yes,19406,USQNU9FJSD,2025-11-10,380,737.11
79,Hydroxyzine Hydrochloride,43063-627,757162,No,20418,CGEKZH6UGN,2025-12-14,921,657.32
80,PROCHLORPERAZINE MALEATE,42708-103,952944,Yes,72659,ABBYJCLERO,2025-04-03,389,915.61
81,Carbamazepine ER,42806-274,451339,No,64870,NMEPF3OTTY,2025-06-19,616,127.77
82,Morphine Sulfate Extended Release,42858-805,359524,Yes,82501,IBQAZPOGCE,2025-11-04,421,458.43
83,Triazolam,43063-996,874287,No,77228,UOH9I08CBB,2025-03-28,286,144.53
84,Mirtazapine,43353-378,844649,No,766,MDC5L0TVBZ,2025-06-21,785,772.75
85,CROUP CP,43406-0058,943219,Yes,23094,ANCN7LKX49,2025-01-10,782,52.19
86,Clodan,43538-950,721595,No,82485,8G8QINIHBG,2025-05-08,122,277.15
87,Ciprofloxacin,43547-688,420342,Yes,3976,V3V88NQ3TI,2025-08-21,136,291.38
88,Cinis comp.,48951-3242,969137,No,88736,U2PVRFRYBZ,2025-02-01,473,899.14
89,Lycopodium e pl. tota 3 Special Order,48951-6062,161976,Yes,72860,DDMTN1ABF3,2025-02-24,581,136.94
90,Pancreas Meteoric Iron Special Order,48951-8238,32913,No,34180,GAUUYC33EY,2025-10-12,149,760.08
91,Hydrocortisone,49035-011,443286,No,49248,DK8X0E86L4,2025-02-11,698,260.38
92,Famotidine,49035-505,600394,No,21902,TJFBGCC2JH,2025-10-24,793,287.3
93,Neuralgia HP,43857-0381,955470,Yes,9398,7QYWNL458D,2025-08-26,785,735.78
94,Vasotec,0187-0141,324391,No,32121,2YUQSGJ66E,2025-04-25,840,560.11
95,Tasmar,0187-0938,544194,No,17470,5YK6L3GSCK,2025-05-14,527,324.34
96,Biodesp DM,45737-221,735276,No,5082,79BQ5BD35K,2025-12-16,698,55.36
97,Nicotine Polacrilex,46122-720,392549,Yes,77486,71J05MWU93,2025-09-19,558,862.13
98,Ropinirole,46708-263,292377,No,68395,73HYNOKHH7,2025-02-15,604,909.55
99,Gabapentin,45865-216,562604,No,79504,37EMFWNZDD,2025-12-11,930,267.42
100,AGE DEFYING HYDRATING SUNSCREEN SPF 30,46007-201,693930,No,99932,LCP3FPW11L,2025-01-11,573,130.71
101,Journee Firm Riche Broad Spectrum Sunscreen SPF 30,46783-110,160505,No,77141,AVKT7AQ9Q2,2025-10-25,653,658.44
102,Salicylic Acid,47444-001,355259,Yes,14697,CQS2DXEFZX,2025-11-27,419,904.37
103,Medi-First Ibuprofen,47682-718,159343,No,48349,32A1FF2S8F,2025-06-06,952,778.98
104,Medical Air,48273-012,243797,No,37292,VRHTBZ9055,2025-06-09,760,211.4
105,Apis Bryonia,48951-1355,571743,No,99507,R1F8ZKOM65,2025-04-08,382,140.3
106,Hydroxyzine hydrochloride,50090-6624,254442,No,41953,JAT3LMEXIO,2025-12-09,662,689.95
107,Famotidine,50090-6916,711072,No,18382,REDFVZQX1F,2025-03-15,482,251.1
108,Antibacterial 2X,50157-016,915414,No,52474,IIRNBPIF3V,2025-07-03,589,376.21
109,PIRFENIDONE,50228-443,820193,No,53026,WPWKZ9G1G8,2025-06-17,807,386.95
110,Capsaicin External Analgesic,50268-195,500142,Yes,32648,0IBGYY6BZ8,2025-06-21,314,973.17
111,Plum Smooth Plumb Numb Gelee,49911-884,323707,Yes,98424,6PK6TFPU3C,2025-09-18,741,129.25
112,Equate nicotine,49035-900,971688,Yes,9357,U9HDRNITKB,2025-09-14,608,480.3
113,Sunmark Nicotine,49348-572,416878,No,46750,WZVO6D9H85,2025-08-01,584,930.6
114,TOBI Podhaler,49502-401,981255,No,89351,HUATZSHA5P,2025-09-22,476,410.99
115,sever daytime cold and flu and sever nighttime cold and flu,49738-036,880731,Yes,67422,98TLRLAF3Q,2025-11-04,592,205.74
116,Doxycycline Hyclate,49999-126,853934,No,46339,FSQE9N17L8,2025-05-01,999,455.82
117,Calendula officinalis,0220-1078,580299,Yes,94407,WUS58IKKWQ,2025-01-01,344,977.27
118,Candida albicans,0220-1123,367639,No,42613,B80UC5W5RV,2025-01-10,118,698.51
119,Rosuvastatin,50090-2724,212634,No,64563,Q4OTDKRLAO,2025-04-03,801,870.86
120,Caulophyllum thalictroides,0220-1223,722214,No,98786,WZN68D98HA,2025-12-16,626,873.95
121,Chamomilla,0220-1267,119708,Yes,85436,1ZNJASMTTI,2025-04-10,221,104.97
122,Furosemide,50090-5429,898381,Yes,75536,TLESX8RSW0,2025-08-04,462,374.92
123,Omeprazole,50090-5901,370361,No,93798,OLHG8IGO31,2025-11-15,831,943.77
124,Amoxicillin,50090-6319,678106,No,24203,4G2QDNWFUG,2025-04-14,434,174.95
125,Methylphenidate Hydrochloride (LA),51862-614,977377,Yes,35804,PX9YPN4A3G,2025-06-14,816,615.01
126,HAND SANITIZER 1.85OZ,52000-131,510283,Yes,11111,ZKIFIBOGH5,2025-05-19,839,70.44
127,Kali muriaticum,0220-2955,887250,No,80852,BFJKFKFVYG,2025-12-22,619,405.79
128,Lac caninum,0220-3004,733330,No,59408,35VQQBGPHI,2025-03-22,159,399.79
129,Glycopyrrolate Oral Solution,51672-5316,30674,Yes,56161,IVPKDCJSJR,2025-11-19,530,282.68
130,SPORANOX,50458-295,684318,Yes,93144,RKD0GOCSVH,2025-07-08,407,455.43
131,TYLENOL Extra Strength,50580-692,847141,No,95704,B8C4KUAMEW,2025-02-09,924,826.49
132,Nifedipine,50742-620,393491,Yes,64615,0RMTNS59PY,2025-10-22,329,790.8
133,Ursodiol,50268-797,811597,No,63627,4MJQYQBO7C,2025-08-19,578,264.06
134,Pain Reliever PM Extra Strength,50844-235,334547,No,97555,KSWNSUSAFP,2025-08-01,852,276.92
135,Cough Relief,51013-161,86821,Yes,6932,7CQ4L4U0XV,2025-06-13,753,56.45
136,Abacavir Sulfate,51079-204,479525,Yes,92487,M9BCBNW88N,2025-10-27,490,301.97
137,CVS Health SPF 30 Ultra Sheer,51316-028,283238,Yes,51723,ULGUHR3W8H,2025-05-03,697,319.31
138,Aloe Cort,51326-108,999883,No,99594,7GU0ZS3AB8,2025-08-09,106,865.39
139,Donepezil Hydrochloride,51407-320,431379,Yes,30912,YOI148Q9EA,2025-12-28,367,322.72
140,Amitriptyline Hydrochloride,51407-793,183718,Yes,26785,KE2LAOZUR4,2025-04-03,678,405.6
141,Escitalopram,51655-116,715607,Yes,40729,BA2Q1BCQSV,2025-04-11,633,744.6
142,clonidine hydrochloride,51655-570,77463,No,3021,E7FX5RDI7Z,2025-10-19,730,57.67
143,Kali arsenicosum,0220-2847,178444,No,67688,3ORHZXLJSO,2025-11-18,582,56.38
144,Famotidine,55154-2628,326433,Yes,39991,X2MUN0HTRU,2025-05-23,480,625.39
145,Atomoxetine,55111-528,568581,No,80855,NQJMPYRI4F,2025-03-10,662,648.38
146,Levetiracetam,55150-248,30786,Yes,70724,WAM2KGD18P,2025-04-16,162,729.5
147,XIFAXAN,55154-6777,300489,No,12733,2CE6GPGWJO,2025-10-18,200,472.04
148,Diclofenac Sodium,55289-150,128334,Yes,16012,DN6BHTRD2L,2025-08-04,773,763.92
149,BackAid Max,52389-153,863375,No,84467,JW9ADEOU89,2025-02-21,140,525.86
150,MRCL,52654-0004,815378,No,91295,C423KK8JAB,2025-03-18,636,810.43
151,Vascepa,52937-101,890090,Yes,30029,M0PQ02HAYP,2025-11-15,430,899.53
152,Nystop,53002-1805,225931,No,13965,Q9NBF2Y29U,2025-08-02,325,872.44
153,IBUPROFEN,53002-3981,880590,No,54100,68CMYXUV6F,2025-05-22,923,303.23
154,Childrens Ibuprofen grape,53041-639,592126,Yes,94044,RE8MGMJNR4,2025-04-05,396,236.86
155,ReadyBath Luxe,53329-180,823337,Yes,70248,PHLIN4RXIL,2025-12-22,270,602.42
156,"Cough Relief ACONITUM NAPELLUS, BRYONIA ALBA ROOT, CALCIUM SULFIDE, SPONGIA OFFICINALIS SKELETON, ROASTED , TIN, PELARGONIUM SIDOIDES ROOT",53499-6864,551416,Yes,8915,M4R89ESS6B,2025-06-04,487,768.18
157,Hydrocodone Bitartrate and Ibuprofen,53746-116,509558,Yes,95431,AGK95EZTIX,2025-05-24,633,492.7
158,Allergy,53943-090,419134,No,83362,USVP3K8SAP,2025-05-15,949,640.82
159,NUDESCREEN DAILY MINERAL VEIL SPF 30 - TINT NUDE,54111-167,74628,No,70560,GMX8M66JV6,2025-03-24,149,283.4
160,Ondansetron,54348-819,716886,No,77994,GOJJL0P841,2025-04-23,557,185.3
161,Simethicone,54738-518,657900,Yes,53586,P8UOMWFMEI,2025-06-09,460,119.88
162,4 KIDS PAIN RELIEF GRAPE,54973-4018,272021,No,11846,YWAIVZGS76,2025-05-16,543,411.35
163,Bach Original Flower Remedies Vine,57687-231,321274,Yes,72880,X4D0LQK1V7,2025-06-15,688,580.16
164,Allergies and Hay Fever Reliever,57955-2805,322701,Yes,86216,NUSCMHVQSR,2025-08-23,441,297.22
165,D-24,58264-0024,856929,Yes,45142,L6BZKSCO1Y,2025-02-08,479,587.05
166,A-24,58264-0329,358279,Yes,99509,R2K80T6PBH,2025-11-03,458,674.17
167,CLE DE PEAU BEAUTE UV PROTECTIVE,58411-291,765496,No,45333,N8MAAWIIBY,2025-12-14,942,337.81
168,Triple Antibiotic,55315-180,690879,Yes,12014,0FQ93Z8S50,2025-07-10,437,799.34
169,Sulphur,0220-4821,468311,Yes,46059,SCANHQDBRZ,2025-12-05,921,828.89
170,Riabni,55513-224,100150,No,88856,ZDZPGCASMD,2025-01-10,344,457.37
171,Symphytum officinale,0220-4893,699187,No,21770,3WQYSBUGJC,2025-06-16,561,729.82
172,Bladder - Kidney,55714-2389,767107,Yes,46609,UYULVK2D2P,2025-01-04,865,222.67
173,Tinnitus,55714-4857,617441,Yes,91237,WC4NUCH9N6,2025-05-19,991,640.26
174,dg health anti diarrheal,55910-224,59896,Yes,43151,M8R4WG0S6V,2025-07-05,668,626.89
175,DG Health Cold Max,55910-719,612079,Yes,50615,Z2AHLHJZ4U,2025-10-11,678,841.44
176,XtraCare Anti-Dandruff Conditioner Coconut and Shea Butter,57337-025,541840,No,95644,I42TNC1DDV,2025-03-23,215,739.62
177,Ling Nam Hak Kwai Oil,57598-223,506863,No,48426,JTA57PO3A7,2025-09-11,772,352.25
178,Magnesium Citrate,56062-266,77376,No,31668,WE91LGC8HW,2025-01-03,918,298.81
179,Hand Sanitizer Sparkling Berry,56136-070,511818,No,91559,SZVK828IZX,2025-05-14,427,825.9
180,Mocha latte scented Hand Sanitizer,56136-602,811170,No,74348,6V0DEODP6U,2025-03-20,699,777.29
181,Levetiracetam,60505-3517,24461,No,37300,MXRFRHH48X,2025-03-13,201,916.56
182,Justice Amazing Melon Scented Antibacterial Hand Sanitizer,60637-192,372165,Yes,93796,0L3K6NZOOK,2025-01-07,649,706.82
183,Levothyroxine Sodium,60687-552,186218,No,91804,PQ8NLWYL83,2025-12-01,997,340.96
184,Duke Superior Antiperspirant,60717-907,423232,Yes,3250,TLSDTBDUV2,2025-04-28,833,547.09
185,Losartan Potassium,60760-645,337222,Yes,6334,DCNWCQYY0I,2025-07-06,857,693.45
186,cle de peau BEAUTE CONCEALER N 9,58411-665,790823,Yes,98824,F7KTCHWTCZ,2025-05-21,740,567.95
187,Sunshine and Glitter Broad Spectrum SPF 50 Glamingo Glitter Sunscreen,58443-0590,540133,No,36177,G0H5DME4M0,2025-08-24,454,912.18
188,Loratadine,58602-702,844760,No,25073,SP60G3G7Z0,2025-05-26,709,673.86
189,TexaClear Pain and Chest Congestion Relief,58809-218,891732,No,32590,NQ7WN73XKF,2025-03-20,167,324.69
190,Vitrexate,59088-167,23236,No,20081,AQKUQ5CPQH,2025-12-02,337,421.42
191,Similasan Earache Relief,59262-271,691606,Yes,48542,EX93MHASQB,2025-06-11,856,116.47
192,POTASSIUM CHLORIDE IN DEXTROSE,0264-7625,441287,Yes,3662,IEOVEKRBWI,2025-02-22,842,512.0
193,LIDOCAINE HYDROCHLORIDE,0264-9376,160408,No,17196,68UO194O1A,2025-11-25,902,248.71
194,CENTER-AL - ARTEMISIA VULGARIS POLLEN,0268-0110,743574,No,9998,MJNLPIP0T7,2025-09-28,971,641.89
195,TULA RADIANT SKIN BRIGHTENING SERUM SKIN TINT SUNSCREEN BROAD SPECTRUM SPF 30,59735-216,666775,Yes,20665,FI4D6K4JO3,2025-06-03,902,231.56
196,Pregabalin,59762-1576,118802,Yes,36562,0XRQB5ALDT,2025-09-22,591,756.85
197,Scrub Care Exidine-2 CHG,59779-722,760844,No,84327,5M66XXY8C3,2025-05-04,459,586.63
198,Doxycycline Hyclate,60219-1100,309032,Yes,74228,URTL5OZW30,2025-08-05,522,570.44
199,Olanzapine,60429-621,931089,No,14957,WMUG9IY3X4,2025-12-16,410,249.31
200,Alka-Seltzer Plus Severe Sinus Cold and Cough Liquid Gels,0280-0507,689065,No,21050,921XN406X0,2025-07-10,675,678.78
201,BAYER Aspirin Extra Strength Caplets,0280-2020,325270,No,90140,W0LG8H6YJ2,2025-05-12,819,163.88
202,vancomycin hydrochloride,62559-390,364192,No,65903,TXQ0Q866JG,2025-01-20,491,434.27
203,Anti Bacterial Moisturizing Hand Sanitizer Sunshine and Lemons,62670-6679,10325,No,85315,6L1NY47X66,2025-10-05,390,465.08
204,TEINT COUTURE EVERWEAR 24h Wear Satin Finish Full Coverage and Comfort Broad Spectrum SPF 20 P300,60905-0818,149264,No,13732,HA2H8MK0UT,2025-07-20,512,832.43
205,H-Acne Formula,61077-020,228868,No,20863,78UEWN2MR0,2025-02-01,360,311.6
206,Moisturizer,61354-039,294852,Yes,19567,SR3EWST338,2025-06-24,714,842.14
207,Solar Sense SPF 50 Daily Facial Sunscreen,61543-0154,946984,No,67126,SY6S6VXCGA,2025-02-14,932,559.42
208,CLARITHROMYCIN,61919-643,600978,Yes,12446,XN9909G9LD,2025-11-08,750,767.11
209,FOREVER SKIN GLOW 24h Wear Radiant Perfection Skin Caring Foundation With Sunscreen BROAD SPECTRUM SPF 35 Lasting Hydration 1N,61957-2914,84990,No,43882,1X0D8MVYZG,2025-11-28,752,445.27
210,Arizona Sun Sunscreen SPF 8,61973-113,93572,No,64999,969YL6NWY3,2025-08-15,608,459.77
211,ATTITUDE Sunly Tinted Mineral Sunscreen Face Stick Unscented SPF 30,61649-097,781979,Yes,29194,GTMG5PA5XO,2025-04-08,286,420.62
212,DULOXETINE HYDROCHLORIDE,61919-042,221632,Yes,89640,0TO9VWKV79,2025-03-08,941,707.82
213,Anti-Diarrheal,62011-0390,339421,No,27883,1RO04OHS3P,2025-01-09,344,321.69
214,UNDA 1000,62106-1173,909663,Yes,52319,5XR7WZCD5J,2025-10-23,775,11.83
215,Anastrozole,62135-490,905053,No,23195,P1B5D9IH6K,2025-06-04,544,383.54
216,Diazepam,62135-788,937408,No,63339,I5RDJ1PH15,2025-05-10,793,597.49
217,Alka-Seltzer Plus Severe Cold PowerFast Fizz Day and Night,0280-0086,154734,Yes,6815,ANRQORBOJT,2025-08-23,808,585.65
218,hydrocodone bitartrate and acetaminophen,63629-1180,573784,No,30456,Y1KFMZP0ZJ,2025-07-28,202,974.91
219,Baclofen,63629-2128,54772,No,37955,Y9O3PJJ37T,2025-08-11,601,546.77
220,Buspirone Hydrochloride,63629-2413,32476,Yes,87552,LHQU9HUU9G,2025-09-20,369,776.51
221,Nalfon,63629-7515,58431,Yes,88495,OK4PJQJDJY,2025-08-16,112,817.99
222,Buprenorphine,62756-459,653898,No,44641,CHT8AA9NXH,2025-04-11,462,673.52
223,Regular Strength Pain Reliever,62936-0102,508164,No,44511,FPFETKVRVX,2025-01-16,269,224.87
224,MEDI-SULTING TOPICAL PAIN RELIEF,63187-067,7721,No,93323,GDXQAP3TAB,2025-03-12,787,697.99
225,Medroxyprogesterone Acetate,63187-382,803539,No,401,V70R2VCZUU,2025-03-08,221,10.96
226,Bismatrol,63187-651,713733,Yes,66424,KCIT4VYBXP,2025-04-18,715,171.27
227,GABAPENTIN,63187-909,73103,No,43683,3I75J4R6NH,2025-04-10,508,703.17
228,Magnesium Sulfate in 5% Dextrose,63323-108,868121,No,4605,XR68JL2Z52,2025-04-28,675,834.11
229,Nesacaine MPF,63323-477,247371,No,42594,RPZT0AOE7B,2025-12-10,602,106.05
230,RevitaDERM PSORIASIS,63347-112,555184,Yes,91032,MVTEEE8U6K,2025-08-26,414,561.85
231,B20 ACUTE RESCUE,63479-0220,397785,No,56687,7MUE4T8UWG,2025-09-05,816,460.02
232,Aratinga Arythrogenys,63545-099,905095,Yes,39304,GVQHULIV7F,2025-09-02,915,900.04
233,Bromoethanum,63545-326,136215,No,65817,J4YB7HY11K,2025-07-08,338,303.06
234,Cadmium Fluoratum,63545-575,325145,No,86719,9C9I1GI1P9,2025-12-13,868,855.99
235,Agaricus muscarius,63545-769,216283,No,23105,IYEF9E7PMP,2025-07-17,111,656.01
236,Walgreens SPF 70 Sport Continuous,0363-0035,909263,No,71348,DGBU5IPVAU,2025-10-09,452,609.12
237,Numb520,63742-012,408844,No,25261,QYONNEKLCS,2025-02-05,138,494.72
238,QC Gas Relief Mint Flavor,63868-108,298584,No,56206,MDLW7JJNFE,2025-05-22,529,341.04
239,hydrocortisone acetate pramoxine hcl,63629-8669,802572,Yes,67681,20BR0RBEF7,2025-08-12,821,602.82
240,Lignospan Standard,0362-1095,464363,Yes,34155,ZY38WZP2Z6,2025-07-11,737,332.47
241,Celecoxib,65162-820,26408,No,15283,IPREME9PMM,2025-10-03,216,148.66
242,"Pollens - Weeds, Careless/Pigweed Mix",65044-1300,9615,Yes,32521,60P4M7Z7IV,2025-12-09,207,186.77
243,"Molds, Rusts and Smuts, Aspergillus niger",65044-5033,606972,Yes,3732,OT1WTRBV74,2025-06-24,734,74.47
244,Sucralfate,65162-062,573489,Yes,11249,J4QM0GJERU,2025-10-22,591,688.69
245,DICLOFENAC SODIUM,63868-730,225823,Yes,73407,YQ1A1SLF7N,2025-12-15,873,456.53
246,Ralli Rapid Pain Relief Roll on,63936-9527,220508,No,50788,5DOULFKEXO,2025-06-03,272,548.73
247,Mucus Relief Cold and Flu All in One,63941-498,962607,No,66802,T40B1I3VIT,2025-10-19,208,270.36
248,Aldi Lacura Ultra Light Body SPF 100,64024-945,791867,Yes,77981,15WX0K4ZXR,2025-09-21,912,337.37
249,GABAPENTIN,64380-867,272505,No,99491,GT6PRG9OFD,2025-12-22,425,771.35
250,FOSPHENYTOIN SODIUM,64679-730,511894,Yes,64219,QF9C2WLRTA,2025-11-27,706,848.55
251,Axe Signature Gold Dry Antiperspirant,64942-1456,192774,No,79049,G1LRKADXAT,2025-07-24,294,825.5
252,Dove,64942-1753,445909,Yes,46752,Z87JEC5FBX,2025-05-16,685,780.79
253,Dove Men plus Care,64942-2037,672127,Yes,82138,1UTELWB6G3,2025-08-04,644,834.3
254,Degree,64942-2296,224772,No,72047,6RL4H0W05S,2025-01-10,465,954.34
255,EXPAREL,65250-133,650169,No,87371,UAZ2ZG52L8,2025-07-18,621,433.76
256,Hand Sanitizer,65692-2061,909257,Yes,4593,HAA147Z7K7,2025-08-27,390,125.52
257,VigorWell Hair Oil,82739-010,106731,No,3074,BA0MQJ95L5,2025-04-22,439,128.72
258,Sucralfate,82804-102,146140,Yes,83652,FSGBHWTJAS,2025-04-19,727,951.62
259,alcohol pad 01,82953-012,701779,Yes,46347,CWPGNWYJEW,2025-10-09,386,886.21
260,Anubis Barcelona New Even,83021-033,215890,No,23703,8QV4G6MPLQ,2025-07-27,943,758.84
261,ELEVEN BY VENUS WILLIAMS GAME SET MATCH BODY,79163-347,804416,No,62019,AVT6BS1HB1,2025-02-20,185,373.99
262,"Avbenzone, Homosalate, Octisalate",79481-0951,257595,No,55740,IFUHMZMDP2,2025-08-24,332,531.82
263,Miconazole Nitrate,79903-014,965509,Yes,57774,40QWSDRTSH,2025-07-15,746,631.15
264,BONDI SANDS SPORT SPF 30 SUNSCREEN,79950-008,626356,No,20745,1MZZA9GS61,2025-11-01,475,217.77
265,Tramadol HCL,80425-0058,75452,No,55529,5LZFE0WCUA,2025-05-03,146,488.19
266,PUROMA Antibacterial Foaming Hand Wash FRAGRANCE FREE,80948-005,335050,Yes,99447,YFH6TTIAGL,2025-11-25,992,412.97
267,Temazepam,80425-0295,121224,Yes,12222,I32TFTTC31,2025-07-24,255,573.49
268,DEFENSE Hand Sanitizer,80579-001,678032,Yes,64806,F229WYABNC,2025-07-26,799,638.29
269,Phenylephrine hydrochloride,81284-211,664241,No,96205,O301WTMUM4,2025-10-13,226,821.8
270,Sleep Aid,81522-916,875995,No,84559,XF2T9E9IK7,2025-07-01,188,154.44
271,SunnyDays Broad Spectrum SPF 30 Tinted Sunscreen 18 Montana,81899-018,560075,No,45557,KGR5PAKOYM,2025-12-24,532,133.98
272,Soft Services CLEARING Mist Breakout Tonic,82030-010,707756,No,15734,1O2PGPLCAR,2025-10-02,127,922.01
273,Max Revive Plaster,82198-0002,413129,No,13753,QG6TWOLVBR,2025-09-14,440,553.1
274,Severe Throat Drops,82442-201,410596,Yes,88152,4U7OK5FRGO,2025-06-22,321,814.62
275,BLACK LABEL B NUMB,82617-103,702129,Yes,77968,S5KSDQ0Q4K,2025-06-09,224,367.97
276,Theraflu Severe Cold Relief Daytime Honey Ginger,0067-0103,929816,No,89631,QGLHWUZOGY,2025-11-28,896,246.99
277,hydromorphone hydrochloride,0574-0294,539468,No,23611,HZTDI58SON,2025-08-23,490,141.61
278,Ibuprofen,72789-201,353746,No,35279,VSJYDA34M8,2025-12-25,550,565.3
279,Luster Premium White Now,72805-130,20316,Yes,29292,U5SJHHEKWO,2025-03-09,645,627.02
280,Indomethacin,72865-148,986361,Yes,16211,MEM9QBX5GR,2025-08-18,339,609.35
281,Thiamine,72485-507,988617,Yes,96138,9KRJVM5GSA,2025-03-11,602,272.43
282,ADVIL,0573-1711,119233,Yes,74096,ONWO9X043T,2025-03-04,785,124.91
283,Daily Facial Moisturizer,72288-995,153565,Yes,82249,JQ3718XRE4,2025-05-05,760,285.03
284,Antiseptic wipe,72459-015,878954,No,58183,32XKFZKER6,2025-01-17,824,159.54
285,Oseltamivir Phosphate,76420-291,899748,Yes,11963,5NBLEWJ1FF,2025-06-25,810,26.75
286,Benzonatate,76420-804,889765,Yes,15740,S0H4UQNJS9,2025-03-12,885,13.03
287,Hand sanitizer,76635-003,522241,Yes,34337,Q6GD84TFD5,2025-04-11,448,528.43
288,Excedrin PM Triple Action Caplets and Excedrin Extra Strength Pain Reliever,0067-8148,692081,Yes,24681,DFBZF2DRW4,2025-10-18,839,536.69
289,Glimepiride,0615-8334,65851,No,86495,LOR65FEH8M,2025-01-21,673,98.33
290,LABETALOL HYDROCHLORIDE,72888-120,346955,Yes,25109,CKS53IV5FZ,2025-06-22,604,562.06
291,KT RECOVER MAGNESIUM,73044-104,110093,Yes,20391,JBRX7HK00O,2025-06-18,172,23.64
292,AZELOMAX FORTE,73237-002,386879,No,80843,P6L9DC2LG2,2025-11-06,193,344.07
293,Thompson Chewable Bismuth Tabs,73408-407,424816,Yes,63049,55BWEMC0YM,2025-12-05,918,549.98
294,Zenpep,73562-115,379725,Yes,769,8A5UIAG1HI,2025-11-12,715,242.13
295,Prenate Chewable,75854-306,831375,Yes,77794,EWNUP83M39,2025-12-05,771,706.1
296,White Glo Instant White,73656-015,431632,Yes,69792,6U7L9BJ5CT,2025-07-03,923,254.23
297,Simply Lavender Scent FOAMING HAND SANITIZER,74177-042,262260,Yes,80432,K7XYZIB17L,2025-09-18,885,698.3
298,Mosaic Antibacterial Wipes,74934-026,614050,Yes,14373,AKBFXYUU7I,2025-09-03,271,529.56
299,Cough Drops Dollar General Assorted Flavors 80ct,75712-042,892843,Yes,25893,MMFAO6JPFJ,2025-03-12,637,229.1
300,Dexamethasone Sodium Phosphate,76045-106,980051,No,37983,5EDNMPR7FG,2025-04-21,312,327.45
301,ANTIBACTERIAL HANDWASH PEACH DREAM,76176-041,631843,Yes,59994,XBMDELSHH2,2025-09-01,771,683.16
302,Naproxen,76282-342,722210,No,35067,6UB5AMVQPN,2025-06-08,319,576.26
303,e.l.f Sun Boss Gloss SPF 25 Sunscreen Blush Much,76354-127,450187,No,49740,POAMWJ2CCD,2025-11-09,555,35.46
304,Hillyard Citrus Fresh Antimicrobial Foaming,76402-408,653714,Yes,11241,RYFVG3LBJ5,2025-06-14,712,909.36
305,Unknown,12784-432,617529,No,52183,O62T44I35I,2025-07-04,911,159.67
306,Unknown,11722-040,377115,Yes,63058,FYYXT6E9A0,2025-02-16,206,900.7
307,Unknown,12658-0410,17022,Yes,14164,UF0IZF2Y91,2025-03-07,559,294.6
308,Unknown,10888-8136,662612,Yes,64549,UUZZESJIR6,2025-08-03,393,172.02
309,Unknown,11014-0354,175189,No,77995,MIX40N0VOZ,2025-04-10,586,547.68
310,Unknown,14335-230,169086,Yes,36728,7I156XO6UK,2025-08-05,118,759.38
311,LIDOCAINE,83365-003,112477,Yes,99072,JTFN0LJIXO,2025-02-07,927,659.04
312,Pureskin anti dandruff shampoo.,83565-009,269012,No,58571,QXQ2EACO8L,2025-10-03,945,683.09
313,Desmopressin Acetate,83634-451,625794,Yes,37545,JCKNICW3G4,2025-09-14,761,874.7
314,Menstrual Pain Relief Complete,83059-0006,606766,Yes,73957,PTC4D4PXAF,2025-10-19,625,417.72
315,Solcure Water Balm,83235-0003,316241,Yes,48288,X73O9GS9NC,2025-10-12,146,919.61
316,Enoxaparin Sodium,0781-3262,451242,Yes,6495,MTS6L32GSL,2025-01-23,927,522.46
317,CASPOFUNGIN ACETATE,0781-3421,722271,Yes,44181,FUBKUXR8EJ,2025-01-28,507,93.38
318,Hand Sanitizer,83986-529,760465,Yes,83386,MT9YDG500K,2025-01-01,651,115.22
319,NowNoon Fast Effective PEPTIDES Cream,84037-0053,919305,No,97434,HV6YB606DS,2025-04-01,171,679.35
320,Purc Thickening Shampoo.,84186-019,505393,No,41471,GT78L1Y5U5,2025-01-23,675,731.38
321,7 Days Whitening Face Cream,84423-006,996800,Yes,53567,1OC2WEP9PE,2025-02-08,661,872.6
322,bareMinerals Original Foundation Broad Spectrum SPF 15 Warm Dark 26,98132-021,536934,No,53962,Y5U5MQ8OV8,2025-04-17,824,784.09
323,Unknown,0002-3115,529245,No,94068,YGI5BV9A7A,2025-04-15,405,13.04
324,Unknown,0164-0030,13171,Yes,70633,CSXJ03D19N,2025-07-07,461,236.58
325,Unknown,0406-6040,884655,No,8444,O8MX4JZ7G2,2025-05-15,951,895.3
326,Unknown,0792-3937,242858,Yes,66471,ZQMIBRLXDA,2025-05-05,203,666.94
327,Unknown,50242-141,454170,Yes,67012,DG7GUYXAQG,2025-08-09,494,424.24
328,Unknown,50765-6201,756825,Yes,33193,WY7HYSUYX7,2025-01-03,797,188.93
329,Unknown,51552-0104,771723,No,47797,9JK36V1DNH,2025-03-03,779,577.38
330,Unknown,51552-1583,467931,Yes,31773,PZ44J97QXA,2025-02-07,172,789.38
331,Unknown,51927-0096,815776,No,28908,01BGC6PR0V,2025-06-23,617,298.23
332,Unknown,51927-1167,134972,Yes,10732,GPR1CXXP7N,2025-02-16,807,364.92
333,Unknown,14593-892,878819,No,15850,DJ6C9J3TIF,2025-03-05,687,476.54
334,Unknown,16364-146,649518,Yes,63941,9TFHS0ISRY,2025-05-24,969,943.88
335,Unknown,17337-0061,187145,Yes,28402,S6O20OUW61,2025-12-01,195,946.76
336,Unknown,17404-0015,189084,No,18921,0PIYHBZWBD,2025-10-06,380,317.87
337,Unknown,24415-205,991428,Yes,6897,S1U6UOOZTI,2025-08-01,840,143.19
338,Unknown,36998-2477,833653,Yes,69215,MMO6Y1I8CT,2025-06-28,324,871.32
339,Senna-Lax,0904-6522,765207,No,90683,5ZZTUBN1FF,2025-03-26,304,951.42
340,Perphenazine,0904-6600,874804,No,2094,CHC0O3WDJ8,2025-12-24,914,495.08
341,aripiprazole,0904-6656,296455,Yes,47994,XC4N0MWP3A,2025-07-04,751,181.49
342,Unknown,43742-0259,111732,Yes,51413,FGYU9GXCYO,2025-02-06,147,786.64
343,Unknown,43742-1618,645237,Yes,32838,U74CXDEP5Q,2025-08-11,370,109.98
344,Unknown,43742-1919,355661,No,86633,2ZP4MDECD6,2025-12-17,344,967.19
345,Unknown,44385-7020,643276,Yes,12220,G0283X2OSJ,2025-10-12,754,220.96
346,Unknown,46438-0066,436377,Yes,73747,K5FHZ9ZL8F,2025-01-16,594,759.45
347,Unknown,47848-004,350659,No,88049,UHUOENQM1C,2025-09-04,297,290.67
348,Unknown,48954-699,187867,Yes,37460,G0VDUZYOKW,2025-01-02,629,924.04
349,Unknown,49452-3363,202470,Yes,67501,S6600KKH9Q,2025-09-03,634,372.15
350,Unknown,49629-020,989985,Yes,86027,JM5IR4683A,2025-02-01,636,343.84
351,Unknown,64330-019,895986,No,91007,84QIFW1TBD,2025-06-25,650,300.02
352,Unknown,63660-0005,522830,Yes,32598,J00E8YEW0J,2025-10-07,737,457.6
353,Unknown,63190-0780,525439,Yes,8411,CQIV6QJO7W,2025-06-08,135,394.33
354,Unknown,63415-0528,650249,No,4276,CYE2DUOUY9,2025-06-18,779,108.36
355,Unknown,62991-2046,413554,No,3169,2IWCP315UR,2025-02-01,179,409.66
356,Unknown,53869-4875,126083,Yes,76516,DX1KXMN9BV,2025-10-17,855,849.72
357,Unknown,54784-018,361676,Yes,44001,N8XI8AK612,2025-11-24,135,866.4
358,Unknown,52038-003,897823,No,56426,IRG984KMU4,2025-02-02,293,277.14
359,Unknown,52465-103,820361,No,54110,I9M95CC955,2025-12-27,996,626.03
360,Unknown,53004-0590,48193,Yes,68008,KOKNAPTTU7,2025-07-07,538,533.32
361,Unknown,53183-1226,499394,Yes,29503,CQVKWSPONF,2025-12-26,897,68.08
362,Unknown,55111-060,381917,No,61277,L05CLNIUGF,2025-09-17,340,408.32
363,Unknown,55486-1587,697655,No,42806,BE8ITXF34Z,2025-01-05,781,740.19
364,First Aid Only BZK Antiseptic,0924-7116,471960,No,85879,8SRLUPOWE8,2025-03-06,842,90.84
365,CPDA-1,0942-6307,511124,Yes,46745,721OL3APUS,2025-03-16,433,897.36
366,ADSOL RED CELL PRESERVATION,0942-6518,116791,No,90058,4MGRIDDIA5,2025-06-21,736,218.71
367,Unknown,58624-0703,51080,Yes,1525,PO7Q1J6HUD,2025-08-21,634,637.03
368,Unknown,59285-012,241059,Yes,21484,EA68DKGIC6,2025-09-14,165,442.66
369,Unknown,59651-330,223508,Yes,98071,KXA28FFE39,2025-02-13,640,485.46
370,Unknown,60269-275,993880,No,57683,2HN74SQCU1,2025-10-27,378,637.97
371,Unknown,60722-3003,535851,Yes,81386,57PL5AM5Z1,2025-09-18,793,214.27
372,Unknown,61474-4313,299239,Yes,1960,G6IHHS01KH,2025-09-09,956,429.57
373,Unknown,62147-0197,139417,No,33024,LJBNOXNMAJ,2025-12-22,849,234.32
374,Unknown,62485-044,681908,Yes,26876,TA8G5OD1P4,2025-03-17,271,557.67
375,Unknown,64743-330,295950,Yes,33140,29NU9EIPUM,2025-04-17,931,926.95
376,Unknown,65015-817,43496,Yes,85232,EKUFXX4PFD,2025-08-22,748,62.39
377,Unknown,65129-1141,190643,Yes,77009,9D74AALFXV,2025-10-05,382,196.02
378,Unknown,65392-0114,287107,Yes,53520,X6JUT47NG9,2025-10-27,954,375.49
379,Unknown,65727-087,973614,Yes,36299,O6EUFA2ZPI,2025-07-24,406,362.08
380,Unknown,65862-266,80222,No,40475,DRGRBXYAZQ,2025-11-21,710,613.13
381,Unknown,71052-655,532564,Yes,54717,Y7DM1SJG2K,2025-12-27,830,649.21
382,Unknown,71684-0085,725195,Yes,23925,1BS2Y7AGOF,2025-08-24,336,294.73
383,Unknown,72450-745,636233,No,58266,WV899AG9DB,2025-03-19,826,125.98
384,Unknown,73212-008,521533,Yes,16450,7HS0HFRYG4,2025-08-15,821,521.99
385,Unknown,73435-024,828109,No,29141,PEBEELCD2P,2025-01-01,214,261.17
386,Unknown,76055-0030,533234,Yes,87457,XVRJ61JJH0,2025-08-26,705,497.18
387,Unknown,65862-621,251400,No,71376,SLZCD82C3I,2025-03-24,672,378.94
388,Kank-A Mouth Pain,10157-9477,228417,Yes,73968,NWOUW3O0NS,2025-11-23,325,580.02
389,Unknown,66039-917,953494,No,4745,Y8GGREDAG3,2025-05-26,228,543.49
390,7 Select Sport SPF 30,10202-951,194916,No,18260,AJT4291WT3,2025-12-23,291,197.04
391,Unknown,67054-005,229435,Yes,8660,4ECGLG6NUM,2025-08-25,503,55.04
392,Unknown,67835-0023,967900,Yes,44538,MKK5BVQASM,2025-09-22,646,226.98
393,TheraBreath Plus Fresh Breath,10237-264,993208,No,70550,2XNV05L3GN,2025-01-19,726,105.58
394,Unknown,68554-0060,637970,Yes,71302,JB25IAQFM9,2025-11-26,102,554.28
395,Unknown,69037-0040,252160,Yes,89776,MRKKFNQQG8,2025-08-03,267,802.67
396,Unknown,69766-007,382584,Yes,55464,N5LVFXMIQH,2025-03-25,394,987.41
397,Unknown,70161-020,375186,Yes,39171,MPEWQJEL5H,2025-05-18,251,103.61
398,Unknown,71028-2201,315744,No,14255,8ZAP0AK305,2025-05-03,673,144.96
399,Softlips Tropical Coconut Peach Passion,10742-7005,192478,No,69180,PPH8HZKTOZ,2025-10-01,429,218.73
400,VANOXIDE HC,11086-032,71064,Yes,54681,527CDS4JO9,2025-04-27,291,632.45
401,Unknown,76617-002,516455,No,90960,1L2U5WLLL2,2025-12-26,454,428.97
402,Unknown,81955-0017,864411,No,85612,H1ZOUOZD23,2025-01-04,859,969.11
403,Unknown,82525-0005,703400,No,83797,CAQ2UJD7PO,2025-03-15,198,284.2
404,Unknown,83704-789,280685,Yes,67178,UIW89O856W,2025-12-11,473,462.98
405,No7 Restore and Renew Face and Neck Multi Action Day Cream Sunscreen Broad Spectrum SPF 30,11489-191,578181,Yes,82176,MP6JDUAR6H,2025-07-26,286,982.35
406,bupropion,65841-780,736575,No,45139,A656ONJWJ6,2025-09-10,998,404.05
407,Fluconazole,65862-300,804673,No,68651,DCLLS1XQQT,2025-09-07,251,783.45
408,Pregabalin,65862-760,477375,Yes,67393,EZ5JVN1NOF,2025-03-15,595,259.22
409,OHM Sinus Nasal,66096-527,730057,No,16646,6C44MHOJHY,2025-11-04,115,606.99
410,Orenitram,66302-363,844129,Yes,59760,NUWFZDAOLH,2025-10-12,106,240.78
411,"Ibuprofen, Caseys 4good",66715-6307,924806,Yes,17938,NG0T2G536O,2025-08-12,466,377.19
412,nicotine,0363-1825,400226,No,99180,4VWY0XZHPI,2025-02-11,533,89.2
413,Walgreens Pain Burn Itch Relief,0363-2053,475956,No,10706,MZM5JAZTEF,2025-11-24,778,365.53
414,Laxative Gentle,67091-215,48771,No,25992,P4ML5DW6JJ,2025-10-17,482,34.75
415,Vivier Sheer SPF 30 Mineral,67226-2850,669376,No,67999,FIWU4CP1G4,2025-10-17,683,710.57
416,Acyclovir,67296-1458,661220,Yes,89943,3CRPZPAZRE,2025-06-21,946,738.21
417,Palonosetron Hydrochloride,67457-317,910805,No,15450,Q2VL9A54U8,2025-10-09,318,672.69
418,Rasagiline,67877-259,673124,Yes,32213,K2PFW5MJZ7,2025-12-22,362,203.74
419,Nifedipine,67877-757,831769,Yes,38519,FUI4P0BFR0,2025-10-09,113,680.92
420,Hydrocortisone,68001-476,335963,No,71634,RXA396APF3,2025-12-20,285,366.26
421,Betadine Solution Swabsticks,67618-153,475833,No,27797,L9GNFZVAZC,2025-09-27,905,437.44
422,Triple Antibiotic,68016-319,608071,No,32934,02W3V2ZDVE,2025-05-18,113,58.02
423,Unknown,68055-642,246867,Yes,40156,EB32HFPLFO,2025-09-23,749,246.98
424,Tramadol Hydrochloride and Acetaminophen,68071-2351,772467,Yes,65643,VK7KT9R4P5,2025-07-13,548,242.03
425,Atorvastatin Calcium,68071-2755,932782,No,5758,1KJB4CNQ62,2025-06-24,695,789.87
426,Buspirone Hydrochloride,68071-2995,60674,No,96830,M3TGGSDK0N,2025-10-07,720,333.05
427,Doxycycline Hyclate,68071-3564,436377,Yes,2190,0BNFRTU7XT,2025-09-13,217,475.32
428,Sulfamethoxazole and Trimethoprim,68071-4710,509573,Yes,75712,C7PEFFMW8Q,2025-09-24,440,182.93
429,Atorvastatin Calcium,68071-5237,871874,Yes,88823,KU99SEWV8L,2025-12-11,162,323.42
430,Zinc Sulfate,68083-498,679872,Yes,86931,PPMJTRQW79,2025-11-10,600,257.48
431,MG217 Psoriasis Medicated Conditioning,68093-7232,283834,No,85767,4GCV2L7CB0,2025-12-12,257,409.95
432,Childrens Cold and Cough Day and Night Value Pack,0363-9998,551531,No,79118,9EATH9WDZ1,2025-07-16,256,323.48
433,JAYPIRCA,0002-6902,609937,No,43896,LO9EMULGIX,2025-05-25,267,674.06
434,DARUNAVIR,68180-345,226685,No,5939,UZOCA2XEEW,2025-07-18,452,580.74
435,Levothyroxine Sodium,68180-968,681326,Yes,86586,5PL21BH85G,2025-04-17,908,74.06
436,Extra Strength Pain Relief,68210-4211,11901,Yes,47445,L22UXR8C9E,2025-05-10,847,470.45
437,Quala Topical Anesthetic Gel,68400-475,877073,No,73550,FLSXLRGJEM,2025-09-22,213,923.75
438,Thioridazine Hydrochloride,0378-0616,194589,No,70732,3N45SUNZIJ,2025-12-19,684,958.11
439,potassium chloride,68462-471,106318,No,81312,KIDD62IM1N,2025-08-03,927,150.8
440,Austedo,68546-171,646361,Yes,75344,G8HRB4VE9W,2025-05-17,361,549.56
441,Insti-Foam Sanitizer,68654-086,346309,Yes,71944,PUTFTIGOZH,2025-12-17,249,53.28
442,Povidone Iodine,68786-130,326588,No,94517,JCMD3JM71H,2025-01-06,613,513.48
443,VITAMIN D,68788-7627,874988,No,67794,XA5OUUA24M,2025-10-05,428,179.43
444,ENALAPRIL MALEATE,68788-8096,316222,Yes,53266,POHK7Q5R14,2025-08-16,945,894.09
445,Rosuvastatin calcium,68788-8368,997784,No,70463,ZDZWPNKN7N,2025-10-09,551,521.88
446,FLUOXETINE,68788-8618,858567,No,27723,XKLAGNYAN7,2025-11-24,978,600.88
447,Always Liquid Foundation Makeup Sunscreen Broad Spectrum SPF 15 - Cocoa,68828-803,681106,No,68459,64W1AJRX7K,2025-05-22,498,202.56
448,Sun Bum Sunscreen Lip Balm Broad Spectrum SPF 30 Watermelon,69039-601,742607,Yes,88442,XXKDANPWYU,2025-12-16,219,136.17
449,Cyclobenzaprine Hydrochloride,69097-845,510171,No,27364,Z2YONQV9NL,2025-06-08,414,118.73
450,Bisacodyl 5mg,69168-398,50181,Yes,51466,LLB9UKWFN9,2025-11-20,524,125.45
451,Pregabalin,69238-1311,739822,No,33295,IN8S197PCM,2025-12-11,141,177.05
452,harris teeter acid reducer,69256-401,445114,Yes,3389,WJLRWIJU68,2025-02-09,467,735.06
453,ciprofloxacin,69315-308,765403,Yes,99502,BTV8LP4B2C,2025-01-17,296,372.61
454,BAFIERTAM,69387-001,349153,No,46035,DDXS61LLA7,2025-12-08,632,546.0
455,Head and Shoulders Clinical Strength Dandruff Defense Dry Scalp Rescue,69423-523,116891,No,86310,2NVOXF7XMM,2025-08-24,248,833.84
456,Crest Plus Tartar Protection,69423-817,810390,No,57518,UKLSP3BCM1,2025-09-05,729,90.31
457,Fluvoxamine Maleate,69452-182,591497,Yes,4212,LQR51LMDIY,2025-08-09,183,705.86
458,Campho-Phenique Cold Sore Treatment,69536-108,272771,No,22717,BSDR7QFON8,2025-10-18,417,448.55
459,Chlorpheniramine Maleate 4 mg,69618-022,449612,Yes,73385,QP1ZBWCLW7,2025-05-12,962,977.98
460,Activcin,69729-008,389054,Yes,25884,J2ZGDH7S5D,2025-11-26,756,322.82
461,Levetiracetam,70518-1921,647525,No,91157,T9WOW7MU9S,2025-11-16,206,340.3
462,Prednisone,70518-2555,959091,No,81014,2LIY2AL6MB,2025-09-04,855,531.63
463,GABAPENTIN,70518-3103,714688,Yes,48358,YZUTWOV34C,2025-07-25,952,672.97
464,CAPLYTA,70518-3497,166150,No,42279,7VYEBYRUJY,2025-12-16,555,55.14
465,gabapentin,70518-3759,908339,No,94646,GPWWH1UR0T,2025-10-09,257,613.18
466,FUROSEMIDE,0404-9864,145115,Yes,86381,9RMMQ6NT9O,2025-12-01,235,221.47
467,CVS Berry Antacid Heartburn and Gas,69842-398,892330,No,61675,U5VNX0IX58,2025-03-03,821,895.36
468,Midazolam,0404-9915,594259,No,21946,2CR3ZRFEEY,2025-05-12,161,172.81
469,Tramadol Hydrochloride,69844-093,65771,Yes,4160,32ODJUUQWK,2025-10-09,764,650.5
470,Neutrogena Healthy Skin Face Sunscreen Broad Spectrum SPF15,69968-0299,507782,Yes,66627,HCFVRWSNMP,2025-04-09,617,893.05
471,Leader All Day Pain Relief,70000-0201,499083,Yes,87035,3O9VPBKZZ6,2025-12-15,775,691.52
472,WOMENS LAXATIVE ENTERIC COATED,70000-0570,706796,Yes,31229,8QU4WTKA8K,2025-10-18,244,92.36
473,Ultra Replenishing Sunscreen SPF 40,70060-1901,919867,Yes,21758,L0UEBY1Y0K,2025-05-13,915,679.57
474,Neutrogena Skin Clearing Blemish Concealer - Buff 09,69968-0811,367616,Yes,48628,7H4GMPY63V,2025-12-08,245,83.1
475,Meropenem,70121-1454,813445,Yes,70550,SK5MIPIIFV,2025-10-06,822,715.69
476,So Clear Cleanse Acne Cleanser,70317-146,115205,Yes,71770,XOEMSMEGA3,2025-09-02,253,894.24
477,Leucovorin Calcium,70436-118,578024,No,45774,5F3EDUE6HZ,2025-08-02,939,908.64
478,Lisinopril and Hydrochlorothiazide,70518-0174,40996,Yes,65145,JJK5IFVTP0,2025-07-17,347,548.01
479,Lisinopril,70518-1152,428741,No,53121,EWLJ99PUB0,2025-05-11,466,533.72
480,ACARBOSE,71205-856,272832,Yes,77743,77Y8HTDAS1,2025-04-07,815,447.65
481,Hydrating extra concentrate serum,71217-0048,622242,No,25263,LLQIKVLR0T,2025-07-05,409,929.54
482,Heparin Sodium,71288-425,854972,Yes,9900,1LPZ5KWK6Q,2025-01-16,822,507.02
483,PRAVASTATIN SODIUM,71335-0296,514896,Yes,250,7TKFVHULCY,2025-02-23,295,46.43
484,Darifenacin 15 mg,70700-183,890077,Yes,71307,NTNFQ1TV8I,2025-03-22,573,474.78
485,Colchicine,70710-1571,735153,No,85067,G15284629C,2025-03-20,932,256.64
486,Lidocaine hydrochloride,70518-4030,860783,No,97483,MHS76B95Z3,2025-02-28,793,888.76
487,Hand Wash,70616-628,515929,No,55699,72K1PML4GV,2025-03-05,647,156.56
488,Foster and Thrive Castor Oil,70677-1085,196301,Yes,40002,GYEOJTNE95,2025-05-27,711,411.41
489,Haloperidol,70756-004,814130,No,45346,WQ06GSTER6,2025-07-26,810,783.1
490,omeprazole and sodium bicarbonate,70771-1101,278930,No,4111,81TS64MQLC,2025-02-01,866,768.15
491,LMD in Sodium Chloride,0409-7419,611556,No,86597,H24O1YSQHP,2025-02-15,979,746.76
492,FAMOTIDINE,70771-1845,37445,Yes,38958,NQ34IZMR1D,2025-02-02,421,632.38
493,Armour Thyroid,0456-0463,128078,Yes,55790,XYTDAL2SKW,2025-01-01,764,496.54
494,Tattoo Care,70994-107,684447,No,45473,LIZMUKAQ1E,2025-03-16,238,808.28
495,ALTUVIIIO,71104-981,146255,No,61153,AO1ILCNOJC,2025-09-26,197,810.35
496,Hydroxyzine Pamoate,71205-123,607290,No,72091,3N9VYV1ZSO,2025-02-15,288,264.63
497,Venlafaxine Hydrochloride,71205-369,850464,Yes,88589,QIT1U9CNZ1,2025-01-19,746,946.83
498,Doxycycline,71205-616,102771,Yes,74448,SD7A6LKQRI,2025-05-09,480,911.64
499,Dexmethylphenidate Hydrochloride,72162-1284,99787,Yes,93730,7XD5P0V9C3,2025-03-01,935,119.44
500,Haloperidol,72162-1686,362348,No,12789,35X7JF5B3E,2025-04-26,384,504.05
501,ALMACONE DOUBLE STRENGTH,0536-0015,950796,Yes,44747,MA0G78QPHX,2025-02-05,696,65.81
502,Methylphenidate Hydrochloride,71930-024,800114,Yes,6142,R15LCJ3Y3V,2025-02-08,305,649.86
503,Gvoke HypoPen 0.5 mg Auto-Injector,72065-120,78522,No,61677,B447DII2CG,2025-03-21,716,376.98
504,Methocarbamol,71335-1727,330754,No,8489,4UYSXOMOBB,2025-01-05,333,50.13
505,Methimazole,71335-0883,384978,Yes,2106,ZOJAF5MBP9,2025-03-21,955,211.52
506,venlafaxine hydrochloride,71335-1338,12048,Yes,85856,ZCRJLJPPGJ,2025-06-21,115,865.39
507,GEMFIBROZIL,71335-1996,103292,Yes,30870,7OB902HXZ2,2025-12-04,931,212.82
508,Etodolac,71335-2259,699453,No,94612,U03WMB8WRJ,2025-05-11,878,665.68
509,Amitriptyline Hydrochloride,71335-9685,702028,No,65803,OXV62M57KI,2025-10-18,110,633.71
510,tacrolimus,71432-2001,591776,Yes,57761,MQXTM0Y4C5,2025-04-22,401,193.41
511,Gabapentin,71610-060,441252,Yes,56545,TQ7NMHRMVT,2025-04-28,327,781.32
512,Buspirone Hydrochloride,71610-404,259493,Yes,57629,44NXG203D7,2025-10-23,226,175.56
513,Metformin Hydrochloride,71610-673,895675,Yes,94590,W1WY2O78OA,2025-11-12,574,870.87
514,Aspirin 81 mg,71679-010,247947,No,67471,GUREEYYWI5,2025-06-22,638,78.36
515,Protect U Guard 63% Foaming Hand Sanitizer Watermelon,71788-013,651982,Yes,61405,XDX7TMDPE8,2025-04-01,840,418.81
516,Levothyroxine Sodium,0527-4962,669958,No,31416,DDIDLB2KSF,2025-02-26,112,385.08
517,"Dextroamphetamine Saccharate, Amphetamine Aspartate Monohydrate, Dextroamphetamine Sulfate, and Amphetamine Sulfate",72162-2058,43139,Yes,83709,OCX1U16N01,2025-12-20,874,420.18
518,Mesalamine,72162-2302,294707,Yes,83876,A2GTB4GRFN,2025-11-28,618,676.11
519,LEVOTHYROXINE SODIUM,72189-206,191645,No,68452,NJE8EG7NZ4,2025-05-28,534,630.79
520,Diclofenac Sodium Gel,72189-473,333802,Yes,64006,CSXZRUM71W,2025-06-14,113,719.21
521,Olmesartan medoxomil,72205-165,590141,No,71884,DUEWATYU5T,2025-04-23,530,435.82
522,Basic Care Nicotine,72288-190,539313,No,68812,DDR3700S3H,2025-01-01,432,69.31
523,Target Up and Up Daily Moisturizing,11673-087,129293,Yes,18839,JEXR9FGFK6,2025-07-08,401,693.19
524,Epsom Salt,11673-602,280290,No,46742,N8SY5HKSIC,2025-04-23,952,957.33
525,IBUPROFEN,11673-992,109346,No,44344,5B1VO6ILX6,2025-05-19,288,530.44
526,anti itch and skin protectant,11822-0622,702350,Yes,78309,22MIDL5VSD,2025-05-13,913,273.78
527,Pure petroleum,11822-3135,460314,Yes,88518,6CNA8Z94IF,2025-12-20,128,382.22
528,RiteAid Nighttime Sleep Aid,11822-8791,791142,No,82302,S6MRMJKT80,2025-01-04,699,110.86
529,Phenobarbital,13517-691,694632,No,17415,FZDSFXX72V,2025-11-01,306,276.49
530,Minocycline Hydrochloride,13668-482,609259,No,70155,PJ2IHPH6DI,2025-10-22,347,367.25
531,LBEL FOREVER ULTRA MATTE BASE CONTROL BRILLO DE LARGA DURACION FPS 15 SHINE CONTROL LONGWEAR FOUNDATION SPF 15 ALMENDRA 230-N,14141-318,68054,Yes,6676,06KLZZL9UT,2025-11-10,170,541.41
532,SOHONOS,15054-0050,379786,No,84515,7IEJ4Y29YH,2025-09-07,560,632.63
533,PHOSPHORIC ACID,15631-2886,576978,No,76106,5JUQZ40BRM,2025-04-24,851,855.33
534,Sotalol Hydrochloride,0093-1062,5688,No,6266,VYU02KTB6Q,2025-06-06,671,543.55
535,Mono-Linyah,16714-360,767143,Yes,32675,8W8OZYPUSQ,2025-02-28,997,713.56
536,Asthma Therapy,17312-017,806675,Yes,4955,UXAOCPHGBT,2025-04-19,202,657.24
537,Amoxicillin,0093-2264,250716,No,7740,SCI8AGRIYM,2025-09-23,629,159.59
538,Tadalafil,16729-372,221179,Yes,57419,QJC8C0R4TU,2025-12-20,692,948.36
539,Stool Softener Laxative,17856-7281,419799,Yes,62589,N5PRO0EDV8,2025-07-11,536,503.81
540,Anti-Diarrheal,21130-375,90320,No,31811,91GORA2K7A,2025-10-09,872,413.53
541,2 in 1 Dandruff,21130-942,334984,No,9124,R9LVR7MLCQ,2025-11-28,110,105.82
542,Standardized Redtop Pollen,22840-0207,388808,No,78312,0EL1SG1ES2,2025-11-02,275,95.02
543,Green Ash Pollen,22840-1422,819663,Yes,26667,I4KCGL75A4,2025-09-17,247,451.37
544,Iodine Bush,22840-2333,929427,No,69507,WQ6OWRT14J,2025-01-26,698,746.86
545,California Western Sycamore Pollen,22840-3495,255890,No,53990,523O6HTFRE,2025-08-18,894,366.14
546,California Western Sycamore Pollen,22840-5473,966884,Yes,33686,8MUTK14EFD,2025-02-28,477,609.92
547,Elm Pollen Mix,22840-9409,918892,Yes,39052,IZST8Y2YM7,2025-04-10,822,109.43
548,Prochlorperazine Edisylate,23155-294,846935,Yes,77246,G3CK6FTXFU,2025-03-13,574,975.52
549,Dihydroergotamine Mesylate,24201-463,404286,Yes,12511,XPC3HD1ZVV,2025-04-12,851,566.04
550,"Piperacillin, Tazobactam",25021-175,160116,Yes,4073,6AT8GHOJYU,2025-08-20,343,328.0
551,solifenacin succinate,27241-038,459020,No,40024,EZ5AHI5SSP,2025-12-11,210,544.42
552,Good Neighbor Pharmacy Childrens Ibuprofen,24385-361,429628,Yes,81773,Q6LY5LA6L6,2025-09-09,307,85.97
553,TerrasilMed Wound Cleanser,24909-028,167811,Yes,30639,4KQGCRP3J5,2025-02-19,415,515.32
554,SEDALMEX FORTE,27854-303,421009,Yes,27262,50QPV49WRI,2025-03-03,591,486.3
555,Cold and Flu Nighttime Severe,29485-5053,217953,Yes,91681,D1OEFD885K,2025-06-18,923,702.85
556,hair regrowth treatment for men,30142-294,827370,No,9563,VW38YRVTLC,2025-07-25,910,890.73
557,Tartar control plus,30142-855,149936,No,69610,N0MDYHDH1D,2025-10-15,669,273.83
558,GEMFIBROZIL,31722-128,886678,No,69284,0WLPSMXLAP,2025-04-19,344,675.28
559,INVANZ,0006-3843,781477,Yes,68124,Y7QQ2JAB1Q,2025-09-15,446,500.46
560,NAFTIFINE HYDROCHLORIDE,0115-1510,514061,No,74622,OM0HFIJGVG,2025-10-22,458,270.73
561,Assured Vaporizing Chest Rub,33992-7992,878868,No,5586,QMXNC4GJMW,2025-06-07,409,344.22
562,Colgate ULTRA BRITE Baking Soda and Peroxide Whitening,35000-916,181023,Yes,63214,RRO7WQ4JU4,2025-12-13,866,601.54
563,Vonaflex,36590-6461,168299,No,83112,D10YFA6TJD,2025-08-22,692,913.1
564,TopCare Childrens All Day Allergy,36800-475,263320,Yes,1998,MX640879RG,2025-11-13,184,151.2
565,Cold Plus Head Congestion Day and Night,36800-927,703273,Yes,14590,FU8LFYPUFR,2025-09-08,576,25.37
566,Leader General Protection Sunscreen SPF 30,37205-728,284077,No,65627,FDNEBDF27R,2025-02-02,402,323.41
567,Chlorinum,37662-0243,411431,Yes,63873,718BJRSYUT,2025-08-19,908,21.95
568,Lithium Carbonicum,37662-0935,442894,No,44671,KVEX0884E2,2025-10-22,956,850.68
569,Colchicum Autumnale,37662-0474,570105,No,57120,EGN48F6RIH,2025-10-06,242,589.12
570,Erigeron Canadensis,37662-0704,257730,Yes,54706,U7GCLS2BGF,2025-12-01,463,86.26
571,Niccolum Sulphuricum,37662-1165,654834,Yes,34242,JSCMVVOXWJ,2025-10-17,682,103.68
572,Plumbum Iodatum,37662-1396,512670,Yes,47670,SERCC5QHVV,2025-12-06,762,905.57
573,honey lemon cough drops,41163-039,936991,Yes,57569,QI0CYX9WHK,2025-12-17,594,126.75
574,Hand Wash,41163-941,758287,Yes,55722,ZW5L96DINM,2025-05-12,137,26.53
575,Ibuprofen,41226-612,715641,No,63179,4J6S8Q34IB,2025-03-18,190,819.38
576,Salicylic Acid,41250-398,283669,Yes,25,LMJK289H3L,2025-12-26,890,958.3
577,naproxen sodium,41250-818,340072,Yes,30923,NLISIPBLQC,2025-06-24,586,283.33
578,Terebinthina,37662-1626,13250,No,59387,OUIUFKH953,2025-01-08,257,903.99
579,Natrum Arsenicicum,37662-1857,919783,No,31569,QRMJ0JX28K,2025-12-02,263,16.05
580,Silicea,37662-2091,612285,No,85904,OFCY5DI2JT,2025-03-28,698,296.67
581,Sulphur,37662-2321,717942,Yes,85639,XWRGVN5QXP,2025-04-19,424,247.09
582,Ruthenium Muriaticum,37662-2552,545073,No,59626,WC7UXUH3EN,2025-11-10,834,621.67
583,Kali Phosphoricum,37662-2783,976921,No,12094,0OYCHP0ZC2,2025-03-23,566,653.43
584,Scandium Nitricum,37662-3012,199766,Yes,78036,09QEOVI3Y4,2025-09-24,720,616.82
585,Scandium Metallicum,37662-3243,258764,Yes,70397,CYFT6O2EKW,2025-10-27,457,998.63
586,Aluminium Iodatum,37662-3474,634446,Yes,57134,W9NC3KGZY3,2025-08-15,816,507.75
587,calcium gluconate,0143-9185,229624,Yes,26904,O4M9SYNGIV,2025-11-18,386,832.7
588,Advanced Hand Sanitizer,37808-439,768675,No,27983,VBR5MI5JJE,2025-09-02,501,757.86
589,HEB Solutions Sunscreen,37808-951,831474,No,66235,ASFCDZTE6Y,2025-06-23,684,953.8
590,COREG CR,0007-3385,27418,No,24605,5SKQ3ZAHK0,2025-01-21,171,501.57
591,Gentamicin,0143-9129,363876,No,34513,6DO3YUQ91L,2025-11-28,627,500.31
592,Buprenorphine and Naloxone,43598-582,367351,Yes,7757,Q7NUALCCUG,2025-01-05,797,446.37
593,"DEXTROAMPHETAMINE SACCHARATE, AMPHETAMINE ASPARTATE, DEXTROAMPHETAMINE SULFATE, AND AMPHETAMINE SULFATE",43602-984,920519,No,10655,5MZ03M9CZT,2025-07-16,567,224.53
594,CITRANATAL B-CALM,0178-0832,922323,Yes,25397,W4154R0ZF4,2025-01-10,456,956.98
595,hydroxyzine pamoate,0185-0674,811760,Yes,55440,EIEBXMYZIH,2025-02-03,905,303.61
596,careone antacid regular strength,41520-357,188989,Yes,29837,MBUGTBDRRE,2025-03-04,371,58.4
597,METHYLPREDNISOLONE ACETATE,42023-239,208415,Yes,57130,BWFBMFSLE1,2025-12-19,676,466.42
598,Metformin Hydrochloride,42291-497,106437,No,5133,006BORWKC5,2025-04-15,986,73.25
599,Hydroxychloroquine Sulfate,42385-927,17857,No,94001,8MIJ3VD0GR,2025-10-28,523,225.69
600,Clobazam,42571-316,110036,Yes,28238,HANNE51HAX,2025-08-12,271,256.19
601,Dicyclomine Hydrochloride,43063-629,365745,Yes,32056,2885HKK5DW,2025-06-17,516,822.46
602,PANTOPRAZOLE SODIUM,42708-104,106864,Yes,96700,6LS7BPKRCK,2025-02-08,953,507.66
603,Carbamazepine ER,42806-275,952218,No,84035,FH0YQ0D122,2025-03-25,641,689.9
604,Buprenorphine,42858-839,615579,Yes,93397,N42AH8QOZC,2025-12-22,482,443.1
605,Topiramate,43063-997,616164,No,76212,MH4I4C9P59,2025-06-06,731,395.39
606,Glipizide,43353-379,341125,Yes,66349,K00L2Z4HLY,2025-06-14,126,342.86
607,DIARRHEA CP,43406-0059,937504,No,71292,YTT1GBOLDB,2025-05-08,541,80.38
608,Tovet (emollient formulation),43538-952,943651,Yes,5313,NEG8L16KS8,2025-11-12,746,344.07
609,Ciprofloxacin,43547-689,215259,Yes,23247,L014WT2WIM,2025-04-04,585,458.45
610,Cinis Equiseti 6X Cinis Avenae 6X,48951-3243,224920,No,41086,B1KXVBB5HE,2025-09-06,953,167.35
611,Kalium phosphoricum 6 Special Order,48951-6063,149786,Yes,49755,AXDV6UEKD9,2025-04-26,198,251.86
612,Quartz 60 Special Order,48951-8241,793821,No,74528,RYQCEEAZR0,2025-10-09,643,353.75
613,cherry cough drops,49035-012,734090,Yes,97983,QGF37SRD76,2025-02-25,675,277.17
614,citroma,49035-506,529074,Yes,15730,S8ZSMO1F06,2025-03-03,896,900.67
615,PULMICORT FLEXHALER,0186-0916,96451,No,46465,31GLDF5WB2,2025-02-25,415,717.37
616,Nice n Clean Wipes Sani-Hands Antibacterial Hand Wipes,44385-7014,810088,No,6535,UJQBE9XNM0,2025-11-19,521,349.22
617,HZ Stat,44911-0371,653289,No,36242,0GDV0LK1P2,2025-08-15,265,367.37
618,Bio-S-Pres DX,45737-230,140680,Yes,36312,78L31C975O,2025-03-28,539,236.44
619,Nicotine,46122-724,239260,Yes,87564,AOU0JK1M4H,2025-12-16,346,528.51
620,Ropinirole,46708-264,754257,No,4801,58DIVJ084W,2025-02-06,819,42.0
621,Tadalafil,45865-218,489846,Yes,36044,G68RZRMEBK,2025-10-28,652,290.92
622,AGE DEFYING MOISTURIZER SPF 18,46007-202,511326,Yes,58811,75DQHCE2OF,2025-11-05,939,798.39
623,Xeomin,46783-160,259922,No,81958,NR5IR5FL98,2025-04-20,395,709.33
624,Endure 300 Cida Rinse Gel Antimicrobial Hand Rinse,47593-264,25052,Yes,7037,0O3HA5F4O9,2025-02-07,743,729.64
625,Medi First Plus PMS Relief,47682-723,732990,Yes,29163,6LDN871A30,2025-07-08,296,382.9
626,Instant,48324-693,855786,No,13717,GW9Y0TAEC7,2025-10-23,444,993.75
627,Aurum Ferrum Sidereum 10/10,48951-1356,127279,No,88899,8YJL51DK0E,2025-01-07,655,664.02
628,HydrOXYzine Hydrochloride,50090-6626,710146,No,50040,ZIKNU77ZAW,2025-09-19,722,746.68
629,Sertraline Hydrochloride,50090-6917,400,No,78031,V9R5R7LOVQ,2025-05-07,842,858.21
630,Acne Cleanser Kissable,50157-021,252956,No,93595,51Z2VGDIAW,2025-08-21,849,765.25
631,Metformin Hydrochloride,50228-445,140701,Yes,85192,CJ67BW9MN0,2025-04-23,863,272.67
632,Capsaicin Topical Analgesic,50268-196,51847,No,43217,A4348VWO29,2025-07-06,250,345.14
633,Dapsone,49938-101,41186,No,16573,FFYSR7FD5A,2025-07-12,465,585.96
634,Allergy Relief,49035-901,247785,No,3827,VOHQPZU69W,2025-06-19,278,942.74
635,sunmark nicotine,49348-573,368193,No,4476,AJPXX9CBU5,2025-06-03,562,683.05
636,Adalimumab,49502-416,614857,Yes,44395,QVMO61EFXJ,2025-06-12,195,505.25
637,Bufo rana,0220-0953,430403,Yes,68067,1UQLDPUP1D,2025-10-22,430,862.13
638,Cadmium sulphuricum,0220-1024,52433,No,62952,RNM9CLWT0Q,2025-03-04,689,238.49
639,Sucralfate,50090-0582,691283,No,36369,3OSOWRL2W1,2025-01-21,184,250.38
640,Phentermine Hydrochloride,50090-1679,594723,No,54236,E4K22QBF6Q,2025-07-15,168,291.64
641,Carbo vegetabilis,0220-1172,365357,Yes,45504,8OM9RRELKM,2025-10-21,329,611.44
642,Levetiracetam,50090-3889,415921,Yes,29215,LO4XZGK4QX,2025-06-04,265,464.83
643,LOW DOSE ASPIRIN,50090-4830,270277,No,56045,F2Q9C6JCA4,2025-02-15,536,425.99
644,Ibuprofen,50090-5437,248230,Yes,32984,USHCD7756Z,2025-06-06,483,267.85
645,Phenazopyridine Hydrochloride,50090-5904,189261,No,3468,X2XLOOEF1M,2025-01-27,347,196.05
646,ALBUKED,50090-6320,806224,No,10181,NAG59X79LR,2025-07-23,274,502.17
647,Morphine Sulfate,51862-615,920729,No,64706,A7KVLCSJVV,2025-11-17,929,851.54
648,2PK HAND SANITIZER CLASSIC,52000-132,864042,No,47534,K8D6IHUOP5,2025-01-17,347,871.24
649,AMIDATE(TM) ETOMIDATE,51662-1455,635276,No,61758,Z5ITN6AMQE,2025-02-11,166,626.59
650,Diclofenac Sodium,51672-1369,308048,No,45152,8RZJWTZO26,2025-07-21,539,178.92
651,Bebe Bottoms,51672-5318,186982,Yes,29917,PYNBAIT8UI,2025-11-09,268,499.83
652,RISPERDAL,50458-300,14542,No,26780,M4TA0XHYLW,2025-07-27,621,773.58
653,ZYRTEC-D,50580-719,640648,No,75337,3EF76XG317,2025-11-25,972,942.59
654,Nifedipine,50742-621,200987,No,22678,UOFB73GLIA,2025-02-03,950,652.06
655,Voriconazole,50268-803,200886,No,87583,R5WHF98P0K,2025-04-14,729,822.8
656,Sinus Congestion,50844-244,398393,No,91483,5NYMW0T3AD,2025-04-18,367,568.27
657,NIGHT TIME COLD and FLU FORMULA,51013-162,477520,No,48818,J5NDEB4NI9,2025-11-08,626,81.14
658,Allopurinol,51079-205,175127,No,35087,69WYY1GWY3,2025-11-15,976,931.45
659,CVS Health SPF 30 Ultra Sheer,51316-029,517751,Yes,17978,DPZ6OUWOFB,2025-04-21,407,250.81
660,REPLENIX ACNE Solution BENZOYL PEROXIDE WASH,51326-111,675212,Yes,32482,0QIRCJAIPP,2025-05-06,107,373.78
661,Moxifloxacin,51407-321,786833,No,16638,UN6XQXO3K9,2025-07-17,681,413.05
662,Iodium,0220-2657,14012,Yes,15032,9QPWS2VRU4,2025-10-10,938,363.63
663,ciprofloxacin,51655-118,182165,No,25851,G7NW4QIAWM,2025-02-22,821,277.99
664,Kali carbonicum,0220-2811,734987,Yes,52287,4TSBOCJDEA,2025-10-17,855,280.94
665,Loperamide HCl and Simethicone,51660-069,801218,No,10578,8SFDZ2EY5B,2025-08-14,499,429.81
666,Aspirin Low Dose Chewable Orange,55154-2635,724008,No,78472,T65QPZY539,2025-03-11,933,266.41
667,divalproex sodium,55111-529,48804,Yes,91636,KMFAQER73R,2025-09-21,724,125.98
668,Bupivacaine Hydrochloride,55150-249,37669,No,26047,J4MBY6P93Q,2025-03-20,535,131.9
669,Secale cornutum,0220-4620,122716,No,17393,IEQKE67XKW,2025-09-21,761,328.67
670,Plavix,0024-1171,24352,Yes,28037,MXUC19KWYH,2025-02-22,333,493.0
671,Diurex Ultra,52389-155,176585,No,56451,RDCV2IMIJL,2025-12-09,933,854.0
672,MRCL,52654-0005,277106,No,84391,HMOVPHHEUT,2025-10-07,795,801.6
673,Bivalirudin,52958-034,23901,No,78835,SBBAVK4V6V,2025-01-02,432,296.06
674,Spironolactone,53002-1806,381075,Yes,27459,E8O0JVIEWA,2025-10-13,525,237.15
675,Promethazine Hydrochloride,53002-4021,812806,Yes,61702,4AESGGB54Q,2025-06-25,394,626.75
676,"Omeprazole, Sodium bicarbonate",53041-663,675270,Yes,917,SSE9NFDXAF,2025-05-02,840,914.75
677,ReadyBath Luxe,53329-181,91581,No,33398,7NVV6R257R,2025-05-03,331,817.69
678,Triflora,53499-7290,171728,No,61503,ZAR4CLAZR4,2025-12-11,432,888.29
679,Hydrocodone Bitartrate and Ibuprofen,53746-117,234415,Yes,32331,QQM7BRZQPT,2025-12-16,811,366.57
680,Isopropyl Alcohol,53943-091,741380,Yes,84144,WHOL1CH5M5,2025-09-25,797,549.14
681,NUDESCREEN DAILY MINERAL VEIL SPF 30 - TINT TAN,54111-168,931477,Yes,42612,80CWS11QOB,2025-06-22,736,272.56
682,Ondansetron Hydrochloride,54348-821,61998,Yes,83180,2O29UEKBQJ,2025-08-07,632,738.6
683,APAP,54738-540,162622,Yes,15618,AQZFN9XUW9,2025-10-15,409,802.77
684,4 Kids Sore Throat Grape,54973-4020,481654,No,13795,JILW1QZBGW,2025-08-27,515,840.73
685,Bach Original Flower Remedies Walnut,57687-232,645451,No,60250,PJM6UAQIF1,2025-08-17,209,326.36
686,Regional Allergies Desert U.S.,57955-2806,142168,Yes,61945,YNJ2IZ4MVU,2025-07-10,858,699.75
687,D-25,58264-0025,691394,Yes,2591,5JCMT76SAL,2025-06-26,336,690.43
688,AM-1,58264-0340,451293,Yes,58505,4ZCUXIAR2L,2025-12-26,802,933.06
689,CLE DE PEAU BEAUTE UV PROTECTIVE TINTED IVORY,58411-292,125516,Yes,64558,T4D1T7OMEY,2025-09-10,137,308.16
690,Stannum metallicum,0220-4739,290429,Yes,47410,LA4KER7G2N,2025-09-15,416,579.87
691,Mucus Relief DM,55319-734,934983,Yes,7630,X9KS06D9YB,2025-10-20,965,127.35
692,EPOGEN,55513-267,20385,Yes,20646,FYF63SYDFM,2025-04-11,314,168.17
693,Hydrocodone Bitartrate and Acetaminophen,55700-598,978857,Yes,95263,BODEPXCTF4,2025-01-16,642,983.97
694,Blues - Mood - Emotions,55714-2390,329120,No,91798,UD93085GAV,2025-02-03,966,423.66
695,Edema,55714-4858,537584,Yes,39670,01CQFT5NH8,2025-11-08,990,293.3
696,rexall anti itch maximum strength relief,55910-225,840039,Yes,5378,OY3UE4B017,2025-10-15,843,675.9
697,Docosanol,55910-722,895134,No,30806,OYTZU6NPOZ,2025-04-27,874,622.01
698,XtraCare Anti-Dandruff Hair Cleanse mint and eucalyptus,57337-026,760371,No,78338,YIF3V3WD8P,2025-06-13,170,23.16
699,Ultra Balm,57598-888,666440,Yes,14899,N6DZNAO00U,2025-12-21,248,11.64
700,sinus relief non drowsy,56062-272,616357,Yes,40359,PK8NTVYJX5,2025-04-05,234,817.36
701,Hand Sanitizer Sparkling Melon,56136-071,942772,Yes,58606,QXHMAYZ9NP,2025-12-07,370,780.4
702,Pina Colada Scented Hand Sanitizer,56136-603,852970,Yes,95258,IVQCPFMAJK,2025-08-23,741,813.52
703,Levetiracetam,60505-3518,267466,Yes,90453,C6AASI77MZ,2025-06-28,939,257.66
704,Justice Rainbow Raspberry Scented Antibacterial Hand Sanitizer,60637-193,107375,Yes,84985,TP5C81VFHR,2025-06-24,188,35.94
705,Isoniazid,60687-553,329340,Yes,57376,NFDJFRI3XJ,2025-06-22,415,187.06
706,Duke Midnight Swim Antiperspirant,60717-908,584919,No,28424,K8LGPEKF40,2025-03-24,551,876.39
707,Pantoprazole Sodium,60760-646,849004,No,69399,DLN8MA2AR6,2025-05-27,902,616.11
708,cle de peau BEAUTE CONCEALER N 10,58411-666,66343,No,43877,YWWMPP1DOZ,2025-01-09,660,958.38
709,Sunshine and Glitter Broad Spectrum SPF 50 Glamingo Glitter Sunscreen,58443-0591,290037,No,72325,IK1UX2XRJP,2025-01-14,438,179.65
710,Cetirizine Hydrochloride and Pseudoephedrine Hydrochloride,58602-703,863563,Yes,5747,NUAFNVASDD,2025-06-01,784,60.1
711,TEXACLEAR CONGESTION AND PAIN SINUS RELIEF,58809-346,535800,Yes,14601,LNEX4VEAUF,2025-06-05,992,236.27
712,ARTHROTEC,0025-1411,491585,Yes,22743,JZAZDQQN1B,2025-04-19,700,822.88
713,METRONIDAZOLE,0264-5535,195695,No,72116,9Q5QKU0B0L,2025-04-06,118,112.81
714,Sunscreen,59450-978,649145,Yes,18334,PEHGT98OC5,2025-01-17,478,447.8
715,Emzahh,59651-136,194525,No,42862,M0ZJTAK5KI,2025-04-10,857,241.67
716,LOPERAMIDE HYDROCHLORIDE,59651-691,679756,No,27216,2CB6MFVGAD,2025-07-12,218,859.94
717,TULA RADIANT SKIN BRIGHTENING SERUM SKIN TINT SUNSCREEN BROAD SPECTRUM SPF 30,59735-217,850028,No,66381,QRD49X3HOG,2025-06-16,663,590.57
718,Eplerenone,59762-1710,746844,Yes,11036,LXFJTYYPGI,2025-12-04,595,395.89
719,ALLERGY RELIEF-D,59779-726,437610,No,34154,XANIMR8K45,2025-12-11,274,879.46
720,Darunavir,60219-1144,962439,Yes,98484,27IC433J5W,2025-04-14,839,170.71
721,Olanzapine,60429-622,26781,Yes,33242,MOQB4OVV50,2025-08-09,621,174.11
722,clonidine hydrochloride,62332-055,546258,Yes,89355,HQ7RU6V4RY,2025-08-13,985,274.46
723,Tobramycin Ophthalmic Solution,62332-518,620860,Yes,48810,YF1VQ2K8WT,2025-02-12,539,863.87
724,vancomycin hydrochloride,62559-391,198438,Yes,28365,YFG36GM7B9,2025-03-28,282,230.7
725,Anti Bacterial Moisturizing Hand Sanitizer Champagne Toast,62670-6680,655092,No,40042,WQ8DTL4FUL,2025-05-20,889,695.33
726,TEINT COUTURE EVERWEAR 24h Wear Satin Finish Full Coverage and Comfort Broad Spectrum SPF 20 Y400,60905-0819,480212,Yes,34655,96CXD6OV16,2025-02-14,700,113.61
727,H-Athletes Foot Formula,61077-021,760114,Yes,22192,HSF5DZ6E7U,2025-07-03,428,223.48
728,Foundation,61354-040,865067,Yes,84609,DWOXNI4UV7,2025-06-19,532,558.21
729,Plus White Extra Whitening,61543-1502,593845,Yes,56017,1S7JJV4JPP,2025-02-09,265,162.24
730,Sulfameth/Trimeth-DS,61919-645,35575,Yes,64605,LPVT8BXB0X,2025-07-16,133,512.3
731,FOREVER SKIN GLOW 24h Wear Radiant Perfection Skin Caring Foundation With Sunscreen BROAD SPECTRUM SPF 35 Lasting Hydration 1W,61957-2915,899214,No,23342,M5XH2R1EGS,2025-08-26,365,228.75
732,Arizona Sun Sunscreen SPF 8,61973-113,852227,No,23111,D8UM8U81SD,2025-07-04,536,809.68
733,ATTITUDE Sunly Kids Mineral Sunscreen Stick Unscented SPF 30,61649-098,281843,Yes,62363,R88ZPSTWHI,2025-01-01,253,299.85
734,PROMETHAZINE HYDROCHLORIDE,61919-047,640544,Yes,81393,QVZ5PYYQQZ,2025-04-14,295,322.14
735,Nighttime Sleep Aid Maximum Strength,62011-0392,359255,No,29332,2BOUD2K0U9,2025-05-20,287,452.78
736,UNDA 1001,62106-1174,583193,Yes,76210,CB1GKTL5OY,2025-11-16,355,623.05
737,ZOOBY Gator Gum,0273-0370,462585,No,46320,M44JXE9PDQ,2025-07-09,704,59.48
738,Aleve Headache Pain,0280-0041,559015,Yes,95521,PNYYOFDCZ8,2025-07-25,681,964.23
739,Cetirizine hydrochloride,62207-764,466417,No,60818,GSJHR8817P,2025-12-23,983,330.07
740,hydrocodone bitartrate and acetaminophen,63629-1181,162740,No,9650,J4QX35GF6T,2025-05-15,968,913.39
741,Baclofen,63629-2129,413640,No,28126,OUM1NJ14Q7,2025-02-22,525,206.66
742,Clindamycin phosphate,0338-4114,898431,No,48806,8DMEEPKT2E,2025-12-24,173,284.54
743,Levetiracetam,63629-7516,134237,Yes,82526,VQFG1CKU4X,2025-04-28,783,446.25
744,Buprenorphine,62756-460,667802,Yes,86162,I9EHIHYZD8,2025-04-21,990,110.99
745,Extra Strength Pain Reliever,62936-0201,124680,No,93313,KIV7ZR6VZY,2025-06-17,203,768.21
746,Fluoxetine,63187-069,268788,No,95716,PI3TKNCXYX,2025-08-15,136,706.17
747,Dexamethasone,63187-383,631994,Yes,71807,C1ILNIJCUW,2025-07-25,941,423.09
748,Multi-Symptom Mapap Cold Formula,63187-652,140905,No,20064,UAMUGAQAYD,2025-01-27,967,135.45
749,Tizanidine,63187-910,859668,Yes,45466,RZGGEYSQ86,2025-08-24,286,390.21
750,Magnesium Sulfate in 5% Dextrose,63323-108,926322,Yes,15966,JGOF2NWIJU,2025-08-07,833,834.93
751,Nesacaine MPF,63323-478,394937,Yes,83390,M1JSJG6CLX,2025-08-27,802,761.6
752,RevitaDERM Wound Care,63347-120,839434,No,2280,1GKY9J6063,2025-02-17,921,122.76
753,B21 ACUTE RESCUE,63479-0221,42628,Yes,3910,W1TYEIYUFH,2025-02-04,191,554.34
754,Aratinga Arythrogenys,63545-100,900091,Yes,73456,GAS8HEA0Z6,2025-02-05,992,666.19
755,Bromoethanum,63545-327,851800,No,70654,AOPOMD1WF0,2025-12-20,676,447.07
756,Cadmium Fluoratum,63545-576,868052,No,55879,8SRTDWO67M,2025-09-12,434,377.75
757,Agaricus muscarius,63545-769,704058,Yes,2483,YR0YK8IB9W,2025-01-12,969,695.29
758,OraLabs ChapIce Cherry Petrolatum,63645-170,369422,No,86011,IPSZD7PKTL,2025-04-04,921,227.77
759,Lightning Pain Relief,63742-013,834422,No,54013,JSWU82RC5P,2025-07-17,695,558.42
760,Quality Choice Vapor Steam,63868-111,345221,Yes,37463,MBMN66Y3OS,2025-06-02,123,844.39
761,"doxorubicin hydrochloride, Liposomal",0338-9581,214201,Yes,86708,XN8FXK44C6,2025-03-17,603,894.31
762,Methocarbamol,63629-8995,60837,Yes,295,AWCFDZQYI6,2025-04-24,789,545.03
763,Paricalcitol,65162-822,469450,Yes,84395,FX52KPHHL6,2025-03-16,926,286.89
764,"Pollens - Weeds, Careless/Pigweed Mix",65044-1301,262259,Yes,15108,8M0WBDC1K1,2025-08-02,325,881.57
765,"Molds, Rusts and Smuts, Botrytis cinerea",65044-5048,16793,No,97529,9JHW6KQ76L,2025-04-04,691,601.05
766,Olmesartan Medoxomil,65162-079,853181,Yes,19804,XO8QT4V0UX,2025-10-12,831,633.99
767,Nicotine Polacrilex Lozenge Mint,63868-732,248855,Yes,89858,0YIPA81EMV,2025-07-24,590,862.26
768,STOPAIN CLINICAL Migraine and Headache,63936-9700,363987,No,86217,7LDZ5GHL1W,2025-06-15,621,419.07
769,Cough Relief Nighttime,63941-499,387372,No,33779,MQP26PIYJA,2025-01-21,110,164.52
770,ALDI LACURA KIDS SUNSCREEN MINERAL BASED SPF 50,64024-946,990046,No,7491,LGD4T0WP2U,2025-10-09,829,438.14
771,GABAPENTIN,64380-868,682388,No,66892,L3WH1VSA1R,2025-01-15,821,647.15
772,FUROSEMIDE,64679-759,501163,Yes,8963,R5KA6PGHFX,2025-03-13,836,72.3
773,Dove Advanced Care Invisible Clear Finish 48h Antiperspirant,64942-1461,776920,Yes,40658,VKKECYQ3U0,2025-07-28,634,478.08
774,NUMIAN HERATAGE HAND SANITIZER,64942-1756,337066,Yes,98093,D7UMF61GFZ,2025-07-05,702,349.25
775,Dove Men plus Care,64942-2038,94439,Yes,22877,GCF8I9OLPK,2025-11-05,874,400.34
776,Degree,64942-2297,936144,Yes,85503,HU90KO8W9K,2025-03-24,442,289.35
777,EXPAREL,65250-266,752125,Yes,58748,AF1X24EUQP,2025-02-20,331,432.72
778,Hand Sanitizer,65692-2062,841461,No,6267,B1TDNREJCY,2025-04-05,319,932.66
779,VigorWell Neuropathy Cream,82739-011,208436,Yes,32872,SQ0TT989V4,2025-01-01,598,713.56
780,Losartan Potassium and Hydrochlorothiazide,82804-103,863488,Yes,73412,R3JC5C7UAA,2025-05-04,755,683.73
781,triple antibiotic 01,82953-013,944889,No,10685,420K4YXX2V,2025-07-04,622,84.96
782,Anubis Barcelona Vital Line,83021-064,933763,No,11769,IC2PFL4TSU,2025-06-16,786,732.4
783,ELEVEN BY VENUS WILLIAMS ACE THE DAY Face,79163-386,212688,Yes,62274,9K0LSD1CT0,2025-12-10,150,534.87
784,Antigingivitis/Antiplaque,79481-0953,522330,No,8237,3I38RJUBFB,2025-03-08,333,869.64
785,Tolnaftate,79903-015,848994,Yes,74591,7V5VMYFLDU,2025-03-08,349,384.25
786,Bondi Sands Sport SPF 50 Sunscreen,79950-010,267782,No,83464,JLFHPO65OQ,2025-05-19,341,413.27
787,Zolpidem Tartrate,80425-0059,948654,Yes,6534,KCJ346JPAH,2025-11-24,229,994.23
788,PUROMA Antibacterial Hand Wash Fragrance Free,80948-006,915972,Yes,99327,STJES9UZID,2025-12-06,453,399.14
789,Venlafaxine hydrochloride ER,80425-0296,198481,Yes,70679,H5EX8KKRWC,2025-06-12,270,49.9
790,HAND SANITIZER,80581-087,365878,Yes,70392,3S6N6PTP52,2025-07-12,416,904.33
791,Phenylephrine hydrochloride,81284-212,589351,No,46539,X04Z3OJYY5,2025-04-26,435,640.55
792,Cold Sore Treatment,81522-922,653704,No,99873,XPA8V7F76Y,2025-11-20,764,143.26
793,SunnyDays Broad Spectrum SPF 30 Tinted Sunscreen 20 Mulholland,81899-020,663256,Yes,53347,2NZBJNTCEB,2025-11-23,335,592.11
794,Adapalene,82034-888,234228,Yes,20876,P513PMKUCG,2025-02-03,106,955.22
795,Zhong Hua Feng Shi Die Da Gao External Analgesic Plaster,82198-0005,364608,No,78499,3M4IQX9NAC,2025-01-11,919,10.3
796,Lemon Mint Drops,82442-202,919950,Yes,94811,7J8D3UGTA3,2025-09-25,458,815.48
797,GOLD LABEL B NUMB,82617-104,850457,No,71739,JXKZBFI20V,2025-08-04,957,30.28
798,Preparation H Rapid Relief,0573-2890,582857,Yes,54071,IVXN2NLWWZ,2025-04-08,740,235.62
799,frida mom Labor and Delivery Plus Postpartum Recovery,72705-251,957222,No,57901,S9NGLKCGU8,2025-08-15,620,698.46
800,Potassium citrate,72789-202,936388,Yes,99148,IKGV3BYQ8S,2025-08-01,260,873.73
801,Luster Premium White Power White Pro,72805-140,707242,Yes,98190,Z9IHK0AZWE,2025-01-19,924,490.1
802,Indomethacin,72865-149,134439,Yes,48950,JA1KYOJBPH,2025-09-21,454,952.75
803,CHILDRENS ADVIL,0573-0290,908155,Yes,99685,65PC1X6QS0,2025-10-13,804,882.11
804,Propofol,72572-590,996506,Yes,1716,HX0L011KOJ,2025-07-12,265,953.86
805,TULA acne clearing and tone correcting gel,72296-010,625934,Yes,91594,E02KSJWMN2,2025-04-08,833,427.42
806,Sting Relief,72459-016,146817,Yes,95234,9BNY6BCBRU,2025-12-18,161,82.61
807,Hyronan,76420-306,887071,No,37413,JDMPJFQUCB,2025-03-17,421,687.83
808,ROPINIROLE HYDROCHLORIDE,0615-8189,933199,No,54780,Y0SBOI3HON,2025-03-25,482,592.32
809,Olanzapine,0615-8244,778043,No,80455,L21NCRQ17J,2025-07-03,600,14.54
810,Risperidone,0615-8288,696680,Yes,32292,CW82QKBAPI,2025-11-28,570,470.41
811,Hand Sanitizer,78398-169,83975,Yes,1389,2FUSVR1LV6,2025-09-19,344,14.11
812,LABETALOL HYDROCHLORIDE,72888-121,333933,No,79116,NEKBJI315U,2025-09-24,183,137.71
813,KT ACTIVATE MAGNESIUM ARNICA,73044-105,341557,No,57463,IVHH814PY5,2025-12-12,680,68.61
814,SKINEEZ,73238-001,280130,No,39056,1TTWSSJMHD,2025-04-27,640,276.45
815,Ibuprofen Thompson,73408-509,897052,Yes,4710,6VYQWKQ4CX,2025-05-02,983,233.6
816,Zenpep,73562-116,243308,Yes,41858,J8X8AIDTJK,2025-07-23,331,304.8
817,PRENATE Restore,75854-308,149917,No,32006,OFX3CIDAFQ,2025-05-20,958,591.61
818,White Glo Mouthwash Protection,73656-017,102757,No,19408,2FRKG577P4,2025-12-01,843,915.88
819,Vanilla Coconut Scent FOAMING HAND SANITIZER,74177-043,184812,Yes,40189,2Z6FK9TBGI,2025-10-04,124,871.3
820,American Bling Protective Disinfecting Wipes,74934-029,973958,Yes,57994,6JCG581FHW,2025-05-23,299,339.26
821,Sunscreen,75712-116,247116,Yes,42591,BPERW8182L,2025-07-07,969,799.69
822,Ketorolac Tromethamine,76045-107,966200,No,16359,XV4ZP339TU,2025-12-12,629,227.09
823,ANTIBACTERIAL HANDWASH LAVENDER BOUQUET,76176-042,598371,No,53158,JLOREQWJ6A,2025-07-01,257,392.37
824,Nadolol,76282-347,735169,No,56258,GA5VGGCDNI,2025-09-13,330,782.99
825,e.l.f Sun Boss Gloss SPF 25 Sunscreen Thats my Jam,76354-128,149355,No,43195,YKE2SVI0PD,2025-10-26,150,682.14
826,Hillyard Foaming Instant Hand Sanitizer,76402-410,582069,Yes,13547,X9JWFFL9R8,2025-12-26,506,314.16
827,Unknown,12784-433,623773,No,56894,8Y89CD7PYH,2025-05-09,164,288.25
828,Unknown,11722-042,642186,No,52364,WNDJ82BOHR,2025-03-07,362,374.83
829,Unknown,12658-0412,409441,No,39145,RJO9L4YGYU,2025-03-14,819,556.47
830,Unknown,10888-8137,14400,No,90105,PZIZW031DL,2025-04-26,366,442.02
831,Unknown,11014-0355,951926,Yes,27117,LZYT1JKUAV,2025-02-22,333,325.69
832,Unknown,14335-250,37950,No,91830,B2E8NL6JMB,2025-02-09,787,232.66
833,Nivestym,0069-0291,443683,Yes,32540,XCTX2AWEUD,2025-10-15,817,876.7
834,Dexmethylphenidate Hydrochloride Extended-Release,0781-2687,530113,Yes,52504,36SUO7PFCB,2025-12-08,720,394.03
835,cisatracurium besylate,0781-3153,764934,Yes,72803,3GN4D8380J,2025-04-23,780,387.09
836,Motion Sickness Relief,83059-0007,268624,Yes,49565,SI6PPJFA75,2025-04-02,850,857.37
837,SolcureCream,83235-0004,820831,No,92387,7SBCPFA59O,2025-06-26,879,684.11
838,Sunscreen Color Broad spectrum SPF 50,83802-001,991404,No,40788,YX85WKORZE,2025-02-22,357,932.5
839,turmericsoap,83872-145,557683,Yes,30408,E7HVN0HSTP,2025-08-08,670,121.17
840,Hand Sanitizer,83986-652,643047,No,42428,Y4P871ULCJ,2025-09-17,354,186.65
841,Nownoon Day Night Face Lift Cream,84037-0054,627816,Yes,3903,EZ2SFTEICD,2025-01-24,153,762.81
842,PURC HAIR GROWTH,84186-020,94466,Yes,47201,HZ6DQ7A2ZJ,2025-01-02,914,101.78
843,STRONG WHITENING BATH,84423-008,337267,Yes,53022,6T35Z2KYS4,2025-04-27,337,258.44
844,bareMinerals Original Foundation Broad Spectrum SPF 15 Warm Deep 27,98132-022,285237,Yes,44330,JK7PT8CBQE,2025-12-09,248,375.4
845,Unknown,0002-6007,769610,Yes,10341,2NRY3HRMIC,2025-07-16,745,298.83
846,Unknown,0164-0046,222640,No,83133,OTXRMXE19G,2025-10-10,992,445.98
847,Unknown,0406-6047,526802,No,15527,PHJP9JGQBQ,2025-08-24,516,598.63
848,Unknown,0792-3938,213643,No,58560,I42MEFBZEE,2025-12-03,563,790.91
849,Unknown,50242-144,400910,Yes,1737,29YT9B1UFI,2025-07-21,778,409.44
850,Unknown,50828-001,437528,Yes,43640,YQNGWGLHVY,2025-08-25,113,586.28
851,Unknown,51552-0106,655637,Yes,4218,Q0I0SPTUAU,2025-07-19,107,777.01
852,Unknown,51552-1588,720892,No,52045,OIX5H38TQE,2025-03-28,994,629.21
853,Unknown,51927-0097,29794,Yes,68099,XD0HRJOTHG,2025-09-10,961,330.59
854,Unknown,51927-1176,166094,Yes,61600,0M12U38V0Z,2025-06-14,912,409.68
855,Unknown,14593-897,122597,Yes,33774,QQ8JW05KA8,2025-05-20,918,490.37
856,Unknown,16364-147,221398,Yes,58166,J1VQXRVGAC,2025-06-17,557,514.27
857,Unknown,17337-0062,698729,Yes,27921,EI3BEI2S21,2025-11-15,942,622.18
858,Panzyga,0069-1109,272903,Yes,4350,6J1RU7IUN4,2025-09-06,874,978.37
859,Unknown,24507-001,981128,Yes,14484,DT5W833JGK,2025-01-15,474,139.63
860,dimaphen dm,0904-6463,502499,Yes,7320,LM2IF2GM06,2025-02-09,943,30.79
861,Unknown,38779-2233,885150,Yes,1698,UNJL84NQJJ,2025-03-06,982,210.14
862,Unknown,41701-013,981946,No,67210,C32C0YC8YX,2025-09-05,259,888.31
863,Unknown,42765-065,89671,No,11022,7KJCVUICYK,2025-07-07,812,103.63
864,Unknown,43742-0260,158179,Yes,67282,02IA2CCA16,2025-09-27,844,903.85
865,Unknown,43742-1619,158488,No,296,N24ADN6LD0,2025-06-14,736,863.7
866,Unknown,43742-1920,529186,Yes,75985,LNAZ6UQKR7,2025-01-24,702,942.03
867,Unknown,44498-001,878427,Yes,63357,0F46AMA1DO,2025-11-02,235,861.83
868,Unknown,46438-0089,190765,No,4407,GG5KBXGZV7,2025-11-24,550,146.14
869,Unknown,47848-005,674514,No,88964,NU4I3D0X0X,2025-08-12,202,111.94
870,Unknown,48954-719,513487,Yes,47717,93F7T5E2CB,2025-02-01,900,970.51
871,Unknown,49452-3420,303883,Yes,67682,PRS1JQOXM0,2025-05-06,218,431.37
872,Unknown,49629-021,775796,No,26335,OWXCQ3ENEP,2025-05-06,520,421.13
873,Unknown,64330-020,700031,Yes,30715,JSFR11BAXM,2025-08-17,910,679.99
874,Unknown,63660-0006,948573,Yes,56307,1UX276S55L,2025-01-18,187,883.72
875,Unknown,63190-0790,664276,Yes,99938,KFTFVKLSMA,2025-09-12,119,124.8
876,Unknown,63415-0529,756268,Yes,62647,LOHS7BW71Y,2025-10-03,672,301.63
877,Unknown,62991-2053,918145,Yes,51379,8DNVTJEAMI,2025-04-04,104,911.98
878,Unknown,53869-4876,158470,Yes,56206,9RVCF6FIR8,2025-10-17,836,909.38
879,ibuprofen,0904-7912,678380,Yes,35451,LEYNQ26R9E,2025-05-19,167,106.53
880,Unknown,52038-004,857778,Yes,76716,NBSPZ64M9M,2025-02-10,782,981.83
881,Unknown,52465-104,544930,No,23151,ZLBVVDCVTE,2025-07-12,130,555.12
882,Unknown,53004-0650,222941,No,87490,UNCVCEXR8R,2025-06-11,818,238.38
883,Unknown,53183-1308,18470,No,48329,ZF7U6XHCXF,2025-06-05,920,363.06
884,Unknown,55111-063,609718,No,60112,0ENPRMUO4N,2025-01-12,882,403.41
885,First Aid Only Sting Relief Pad,0924-5201,535762,No,67047,N6I9QLX8S6,2025-12-19,487,366.8
886,Unknown,55977-602,4687,Yes,68204,P1N0KHUG4R,2025-03-12,500,286.41
887,Unknown,57821-013,892464,No,84982,Y80RO2B4O3,2025-10-04,446,552.07
888,Unknown,58159-075,546031,No,23832,46FW157A9V,2025-11-09,890,782.52
889,Unknown,58624-0704,239789,No,62702,E135PVM6BZ,2025-11-17,822,231.93
890,Unknown,59285-013,59998,Yes,13221,DZ4B8POHYZ,2025-02-14,511,696.86
891,Unknown,59651-331,519461,Yes,59482,BTQ6JXUT2A,2025-08-14,448,673.4
892,Unknown,60269-287,829796,No,82093,4R4XEAJ7K3,2025-06-10,860,847.01
893,Unknown,60722-3004,460750,Yes,66946,WANNX50EKD,2025-04-24,313,673.64
894,Unknown,61474-4317,822931,Yes,63576,1PJ79YIVLK,2025-05-02,296,196.28
895,Unknown,62147-0206,752582,No,54098,NI07XLAT8I,2025-04-15,860,999.23
896,Unknown,62485-045,247212,Yes,7731,55EHM0ODR1,2025-03-17,673,919.46
897,Unknown,64743-331,348992,No,88972,UYJSVRSWWC,2025-09-11,188,475.83
898,Unknown,65015-818,695935,No,34528,ZE1NM7DHZX,2025-01-22,535,777.68
899,Unknown,65129-1144,802571,Yes,16594,RGH0LL8JW2,2025-09-12,221,959.58
900,Unknown,65392-0115,314427,Yes,94110,54YY3JW0CB,2025-09-03,929,214.45
901,Unknown,65727-088,969424,No,92380,FWTDSTVO9V,2025-04-26,765,820.82
902,Unknown,65862-267,950735,No,27248,QDYQZRU2Y0,2025-09-26,869,102.96
903,Unknown,71052-656,295543,No,12070,6O6AG7CQA7,2025-11-23,874,259.4
904,Unknown,71684-0303,596039,Yes,18153,803FUM2FIS,2025-11-25,622,208.91
905,Unknown,72450-746,566256,No,31674,9TFMKWMKXP,2025-07-13,921,494.18
906,Unknown,73212-009,4101,Yes,89636,A0Y03VSGP0,2025-04-02,485,167.42
907,Unknown,73435-025,826259,No,53919,41U3QE9537,2025-05-01,403,771.02
908,Unknown,76055-0033,236167,Yes,28726,DR2TOS6ML8,2025-03-19,171,784.7
909,Paliperidone,10147-0954,488423,No,65554,GADWQ6O8O5,2025-04-07,289,867.29
910,Unknown,65977-0068,477851,No,10499,T0SKQHBTC0,2025-09-04,695,484.25
911,ARNICA MONTANA WHOLE PLANT,10191-1253,564568,No,29216,6IXJK94GNB,2025-01-19,340,618.4
912,Unknown,66412-0753,803706,Yes,80003,VURVRG57E7,2025-06-20,567,725.53
913,Unknown,67062-0001,257600,Yes,53189,JGDRFDSO09,2025-10-09,830,644.78
914,Unknown,67835-0024,350193,No,43078,Y7TMLA8XAQ,2025-06-24,295,981.93
915,Unknown,68225-076,912454,No,17224,QFOH6TRN54,2025-12-21,282,308.56
916,Unknown,68554-0061,264077,No,51960,4DLCI3JUY2,2025-11-09,986,259.3
917,Unknown,69037-0041,468437,Yes,58401,3178QRUB4F,2025-10-20,841,84.85
918,Unknown,69766-008,60050,Yes,87176,E823KKJT46,2025-10-04,249,891.54
919,Unknown,70161-021,327126,No,91243,633DRE6YWU,2025-06-10,407,893.74
920,Unknown,71028-2202,838813,Yes,35337,5C5FNCY7OQ,2025-12-13,425,577.36
921,Softlips Peach Passion,10742-7006,450476,No,14568,79S87T88RQ,2025-07-04,212,513.57
922,Keralyt 3 PERCENT,11086-038,824943,Yes,856,MIGB3F35RX,2025-10-09,780,581.79
923,Unknown,76617-011,675441,Yes,98687,3FNZ59FGJD,2025-09-26,650,224.02
924,Unknown,81955-0018,924253,Yes,37199,CXL5UIZUN9,2025-12-19,476,583.21
925,Unknown,82525-0007,786844,No,95722,ZQ8Y59DSOA,2025-06-25,812,141.11
926,Unknown,83704-897,326009,No,50641,GJNCBD7WQY,2025-02-13,811,480.12
927,No7 Protect and Perfect Intense Advanced Day Cream SPF 30,11489-192,845483,Yes,79276,ZQY08YXXRU,2025-01-16,944,854.35
928,buspirone hydrochloride,65841-781,154730,Yes,27566,4TLR19WGJ2,2025-06-01,595,499.25
929,Emtricitabine,65862-301,917658,Yes,50037,63XGC2FLQ6,2025-03-27,388,843.09
930,Pregabalin,65862-761,732940,Yes,52657,2AONCX2M0V,2025-12-15,563,378.63
931,Zinc oxide,0363-1226,5577,Yes,51099,7RIA35CY29,2025-01-17,448,798.58
932,ADCIRCA,66302-467,582556,Yes,32928,OY7W2J4SMH,2025-02-25,585,270.19
933,Fexofenadine HCl and Pseudoephedrine HCI,0363-1606,259620,No,61190,A2K3MTAI35,2025-01-18,615,767.29
934,Terrell,66794-019,355823,Yes,42991,OF5EDODJE8,2025-11-23,461,848.96
935,Firefly Bubble Blast,66923-006,284054,No,71522,FVSU6XTFDA,2025-12-17,342,463.88
936,Acid Reducer,67091-244,380849,No,65013,2CC7OW5STZ,2025-07-18,940,733.47
937,Vivier Sheer SPF 30 Mineral Tinted,67226-2851,485635,No,53224,SS2N6817ST,2025-09-26,852,445.2
938,EMTRICITABINE AND TENOFOVIR DISOPROXIL FUMARATE,67296-1459,607987,No,37139,914648M3X0,2025-04-04,491,283.83
939,MOXIFLOXACIN HYDROCHLORIDE,67457-323,22108,Yes,49395,94OQO7NKXX,2025-07-21,242,185.59
940,Rasagiline,67877-260,640350,Yes,46170,KY68N2Y8RV,2025-05-06,764,664.73
941,Nifedipine,67877-758,32302,No,78233,B811U7F7LV,2025-07-13,988,933.39
942,Bacitracin,68001-477,223443,No,7219,ZAXNNW2AIT,2025-11-09,788,346.31
943,Betadine,67618-160,886372,No,2627,3D6BAMCBMA,2025-08-24,426,264.11
944,Premier Value Triple Antibiotic,68016-320,139748,No,81120,R0QRAXWFP3,2025-05-12,561,674.0
945,Unknown,68055-643,525193,No,21534,UL7JB3ZRYJ,2025-10-28,664,643.99
946,Vitamin D,68071-2352,845097,Yes,92664,MKDMJPFCFW,2025-02-18,291,518.09
947,Ibuprofen,68071-2756,254501,Yes,93557,A3GUOLB794,2025-02-08,629,157.65
948,Trazodone Hydrochloride,68071-2996,568002,No,88027,00HA5K0XWH,2025-10-12,887,139.93
949,Regular Strength Pain Relief,68071-3565,808860,No,71858,FZ4ELX1XDG,2025-08-06,810,183.12
950,Glyburide and Metformin Hydrochloride,68071-4718,778521,Yes,32843,AAEUM21T7L,2025-04-11,1000,660.09
951,Acetaminophen,68071-5239,463845,Yes,96744,THZCXPGTDB,2025-07-10,533,345.59
952,Zinc Sulfate,68083-499,786901,No,97522,N7EPCLESU3,2025-03-28,965,116.73
953,MG217 Psoriasis Medicated multi-symptom,68093-7233,61568,Yes,41282,WU7089I861,2025-01-21,153,875.77
954,Ramipril,68382-144,45580,Yes,66563,TP082DJZ93,2025-09-11,538,10.35
955,Buprenorphine HCl,0054-0176,959385,No,24691,18R7BAE6CE,2025-09-18,789,404.46
956,DARUNAVIR,68180-346,986149,Yes,40657,U5WJVBNWLR,2025-02-03,282,713.69
957,Levothyroxine Sodium,68180-969,644127,No,1149,973UFX255Y,2025-01-20,936,859.79
958,Walgreens Cold Therapy Pain Relief Patch,0363-9950,254146,Yes,19955,2KYSBHMUOZ,2025-07-15,391,141.59
959,Haloperidol,0378-0334,942598,No,67168,M44KWJCSDQ,2025-11-25,650,283.34
960,Artemisia vulgaris,68428-892,425724,Yes,91168,Y0W2G4EKVC,2025-03-17,785,271.27
961,potassium chloride,68462-472,603358,No,71213,8O34EQRC0I,2025-04-17,894,493.35
962,Austedo,68546-172,424618,No,85037,UCBI16EWJO,2025-12-10,481,44.05
963,Foamahol,68654-855,801687,No,26635,VK1T60BFQB,2025-09-06,234,397.33
964,Povidone Iodine Prep,68786-132,285501,Yes,98473,4T6Q3WS050,2025-02-12,147,973.97
965,PROCHLORPERAZINE MALEATE,68788-7628,238068,No,4642,T2RUW3NIHJ,2025-04-27,363,958.05
966,metoprolol succinate,68788-8098,219231,No,93232,4ZDS1QDLG5,2025-02-26,484,840.13
967,SIMVASTATIN,68788-8369,287888,Yes,42250,4XS19SVZ45,2025-06-15,897,444.62
968,Sumatriptan,68788-8619,2190,Yes,92952,7RV1GK3SSR,2025-05-25,332,634.75
969,Always Liquid Foundation Makeup Sunscreen Broad Spectrum SPF 15 - Buff,68828-804,396057,No,2737,ZTPFI9SSK3,2025-12-21,282,79.77
970,Sun Bum Sunscreen Lip Balm Broad Spectrum SPF 30 Coconut,69039-602,516066,No,12371,YD0QJO0ICN,2025-05-23,259,401.76
971,Cyclobenzaprine Hydrochloride,69097-846,746008,Yes,65235,IEHUAT4094,2025-04-15,147,957.31
972,Laxative Enteric Coated,69168-404,309770,No,79357,NFOT2VELQ5,2025-05-23,395,498.27
973,Pregabalin,69238-1312,884119,Yes,13422,KDN7A243GK,2025-09-13,137,439.43
974,Harris Teeter Calamine,69256-413,400580,No,23023,1YB17TUM0A,2025-08-01,267,243.1
975,Procto-Med HC,69315-312,403128,Yes,65163,6VFWZAICZS,2025-03-12,779,102.21
976,EAR RX,69390-001,914755,Yes,84243,4D6GOER5HH,2025-11-17,295,883.36
977,Head and Shoulders 2in1 Clinical Strength Dandruff Defense Advanced Oil Control,69423-524,841,No,7464,H165EPBOW5,2025-05-11,191,718.29
978,Crest plus Tartar Protection Whitening,69423-818,587123,Yes,70028,IAD9B8RBY7,2025-06-10,748,295.08
979,Fluvoxamine Maleate,69452-183,653866,Yes,99499,A4DNLYBLNU,2025-09-18,954,716.35
980,Campho-Phenique Antiseptic,69536-109,146467,Yes,91471,P0HG8WX7SG,2025-04-28,233,849.56
981,Febuxostat,0054-0414,157114,No,30537,QSQ98GXF70,2025-12-10,402,860.1
982,CLEOCIN PHOSPHATE,0404-9837,964699,Yes,46413,D2C0BIGGWM,2025-01-26,181,270.79
983,Dexamethasone Sodium Phosphate,70518-1922,911536,Yes,59102,GZDASPS5I6,2025-06-06,830,502.29
984,Progesterone,70518-2560,798964,Yes,47397,KWJZ6QTXTS,2025-07-12,646,47.15
985,Risperidone,70518-3104,794259,No,46314,FPBVE7CA54,2025-11-09,496,783.66
986,LABETALOL HYDROCHLORIDE,70518-3499,962307,No,82973,XPUDKAQ9G8,2025-11-07,696,457.8
987,Risperidone,70518-3760,337495,No,5289,DLXY6S6MLR,2025-08-21,404,837.91
988,Famotidine,69842-063,986979,No,68096,0ZQV9XH6B7,2025-12-12,275,799.33
989,CVS Cold and Hot Roll-On,69842-399,168041,Yes,21213,D04ZR3867D,2025-01-12,254,201.27
990,Allergy Relief,69842-741,923256,No,16055,063PTYUZ7S,2025-07-18,900,734.5
991,Famotidine,69844-095,933719,No,39801,ES4GNCRSS9,2025-01-28,983,636.04
992,Aveeno Baby continuous protection sensitive skin Sunscreen Broad Spectrum SPF50,69968-0304,28966,No,75435,7W23PX2RIJ,2025-02-03,648,787.35
993,Leader Nasal Allergy,70000-0204,632858,No,46320,SQWT6U56M0,2025-08-24,670,784.84
994,Ibuprofen,70000-0571,873250,Yes,23368,E66CFQ0GY3,2025-07-05,317,170.44
995,cyanocobalamin,70069-005,885120,Yes,35914,TYRXXB6DSX,2025-10-05,847,534.55
996,Neutrogena Skin Clearing Blemish Concealer - Medium 15,69968-0812,504113,Yes,2386,39YRU12PT3,2025-02-27,242,772.33
997,Fulvestrant,70121-1463,600364,Yes,9628,S8FWBLGMJM,2025-10-26,317,687.89
998,So Clear Protect Protective Treatment,70317-147,198186,No,74100,EROBNOULG2,2025-06-09,829,84.86
999,Leucovorin Calcium,70436-120,380394,Yes,39626,JJFCQENK00,2025-01-24,742,727.73
1000,Ergocalciferol,70518-0177,675175,Yes,88520,G9FKZVJMHU,2025-02-19,727,672.85
